Image Path,Prediction
C:/Users/USER/Desktop/new/45_degrees\frame_20241203_143457_037.jpg,[[0.16716388 0.4455132  0.3873229 ]]
C:/Users/USER/Desktop/new/45_degrees\frame_20241203_143457_257.jpg,[[0.16567591 0.44787088 0.3864532 ]]
C:/Users/USER/Desktop/new/45_degrees\frame_20241203_143457_378.jpg,[[0.16607222 0.4508515  0.3830763 ]]
C:/Users/USER/Desktop/new/45_degrees\frame_20241203_143457_498.jpg,[[0.169028   0.4457531  0.38521895]]
C:/Users/USER/Desktop/new/45_degrees\frame_20241203_143457_619.jpg,[[0.17177276 0.44256657 0.38566062]]
C:/Users/USER/Desktop/new/45_degrees\frame_20241203_143511_071.jpg,[[0.16496804 0.4586901  0.3763419 ]]
C:/Users/USER/Desktop/new/45_degrees\frame_20241203_143511_293.jpg,[[0.16100411 0.46970427 0.3692917 ]]
C:/Users/USER/Desktop/new/45_degrees\frame_20241203_143511_414.jpg,[[0.15822987 0.4783762  0.3633939 ]]
C:/Users/USER/Desktop/new/45_degrees\frame_20241203_143511_535.jpg,[[0.1554056  0.48413572 0.36045867]]
C:/Users/USER/Desktop/new/45_degrees\frame_20241203_143511_655.jpg,[[0.15290979 0.49067482 0.35641545]]
C:/Users/USER/Desktop/new/45_degrees\frame_20241203_143513_592.jpg,[[0.1531537  0.48664406 0.36020216]]
C:/Users/USER/Desktop/new/45_degrees\frame_20241203_143513_713.jpg,[[0.1531537  0.48664406 0.36020216]]
C:/Users/USER/Desktop/new/45_degrees\frame_20241203_143513_836.jpg,[[0.14908358 0.49780926 0.35310718]]
C:/Users/USER/Desktop/new/45_degrees\frame_20241203_143513_961.jpg,[[0.148589   0.50047654 0.35093448]]
C:/Users/USER/Desktop/new/45_degrees\frame_20241203_143514_086.jpg,[[0.14822157 0.5008243  0.35095417]]
C:/Users/USER/Desktop/new/45_degrees\frame_20241203_143514_207.jpg,[[0.14850225 0.4999963  0.35150146]]
C:/Users/USER/Desktop/new/45_degrees\frame_20241203_143514_327.jpg,[[0.14856632 0.49959347 0.35184017]]
C:/Users/USER/Desktop/new/45_degrees\frame_20241203_143514_448.jpg,[[0.14626382 0.50437105 0.3493652 ]]
C:/Users/USER/Desktop/new/45_degrees\frame_20241203_143514_570.jpg,[[0.14434646 0.50915396 0.34649956]]
C:/Users/USER/Desktop/new/45_degrees\frame_20241203_143514_690.jpg,[[0.14376423 0.5112313  0.34500447]]
C:/Users/USER/Desktop/new/45_degrees\frame_20241203_143514_810.jpg,[[0.14174893 0.5152178  0.3430333 ]]
C:/Users/USER/Desktop/new/45_degrees\frame_20241203_143514_930.jpg,[[0.13940011 0.51914966 0.3414502 ]]
C:/Users/USER/Desktop/new/45_degrees\frame_20241203_143515_050.jpg,[[0.13960578 0.5200904  0.34030387]]
C:/Users/USER/Desktop/new/45_degrees\frame_20241203_143515_978.jpg,[[0.12935643 0.5453452  0.32529834]]
C:/Users/USER/Desktop/new/45_degrees\frame_20241203_143516_099.jpg,[[0.13137108 0.54125535 0.32737362]]
C:/Users/USER/Desktop/new/45_degrees\frame_20241203_143516_222.jpg,[[0.12648849 0.55228704 0.32122445]]
C:/Users/USER/Desktop/new/45_degrees\frame_20241203_143516_342.jpg,[[0.1246971  0.5604678  0.31483504]]
C:/Users/USER/Desktop/new/45_degrees\frame_20241203_143516_465.jpg,[[0.11925675 0.57590485 0.30483845]]
C:/Users/USER/Desktop/new/45_degrees\frame_20241203_143516_593.jpg,[[0.11736152 0.5875957  0.29504272]]
C:/Users/USER/Desktop/new/45_degrees\frame_20241203_143516_712.jpg,[[0.11736152 0.5875957  0.29504272]]
C:/Users/USER/Desktop/new/45_degrees\frame_20241203_143516_832.jpg,[[0.11157185 0.6063415  0.28208664]]
C:/Users/USER/Desktop/new/45_degrees\frame_20241203_143516_952.jpg,[[0.1037655  0.6295862  0.26664823]]
C:/Users/USER/Desktop/new/45_degrees\frame_20241203_143517_072.jpg,[[0.09791124 0.6476822  0.25440657]]
C:/Users/USER/Desktop/new/45_degrees\frame_20241203_143517_191.jpg,[[0.09192839 0.6609027  0.24716893]]
C:/Users/USER/Desktop/new/45_degrees\frame_20241203_143518_825.jpg,[[0.10017945 0.58704585 0.31277472]]
C:/Users/USER/Desktop/new/45_degrees\frame_20241203_143518_945.jpg,[[0.10267933 0.574706   0.32261467]]
C:/Users/USER/Desktop/new/45_degrees\frame_20241203_143519_066.jpg,[[0.09730569 0.59456044 0.30813393]]
C:/Users/USER/Desktop/new/45_degrees\frame_20241203_143519_186.jpg,[[0.10010461 0.58758634 0.31230906]]
C:/Users/USER/Desktop/new/45_degrees\frame_20241203_143519_307.jpg,[[0.0997977  0.58298886 0.31721342]]
C:/Users/USER/Desktop/new/45_degrees\frame_20241203_143519_427.jpg,[[0.10353089 0.5701497  0.32631946]]
C:/Users/USER/Desktop/new/45_degrees\frame_20241203_143519_547.jpg,[[0.1076061  0.5579085  0.33448544]]
C:/Users/USER/Desktop/new/45_degrees\frame_20241203_143519_667.jpg,[[0.11383434 0.54050684 0.34565887]]
C:/Users/USER/Desktop/new/45_degrees\frame_20241203_143519_788.jpg,[[0.12550709 0.5107521  0.36374077]]
C:/Users/USER/Desktop/new/45_degrees\frame_20241203_143519_908.jpg,[[0.13828272 0.4849792  0.3767381 ]]
C:/Users/USER/Desktop/new/45_degrees\frame_20241203_143520_029.jpg,[[0.14321834 0.4740826  0.38269904]]
C:/Users/USER/Desktop/new/45_degrees\frame_20241203_143521_359.jpg,[[0.17309256 0.4364117  0.39049575]]
C:/Users/USER/Desktop/new/45_degrees\frame_20241203_143521_481.jpg,[[0.17746219 0.43063402 0.39190382]]
C:/Users/USER/Desktop/new/45_degrees\frame_20241203_143521_606.jpg,[[0.17594835 0.43499544 0.38905618]]
C:/Users/USER/Desktop/new/45_degrees\frame_20241203_143521_727.jpg,[[0.17676657 0.43397513 0.3892583 ]]
C:/Users/USER/Desktop/new/45_degrees\frame_20241203_143521_847.jpg,[[0.173762   0.43792558 0.38831246]]
C:/Users/USER/Desktop/new/45_degrees\frame_20241203_143521_968.jpg,[[0.16972123 0.44471413 0.3855646 ]]
C:/Users/USER/Desktop/new/45_degrees\frame_20241203_143522_089.jpg,[[0.16972123 0.44471413 0.3855646 ]]
C:/Users/USER/Desktop/new/45_degrees\frame_20241203_143522_210.jpg,[[0.16717039 0.44776344 0.38506612]]
C:/Users/USER/Desktop/new/45_degrees\frame_20241203_143522_330.jpg,[[0.16183975 0.4548886  0.38327163]]
C:/Users/USER/Desktop/new/45_degrees\frame_20241203_143522_451.jpg,[[0.15556082 0.46775058 0.37668863]]
C:/Users/USER/Desktop/new/45_degrees\frame_20241203_143522_571.jpg,[[0.14431262 0.49153164 0.3641557 ]]
C:/Users/USER/Desktop/new/45_degrees\frame_20241203_143525_012.jpg,[[0.11601094 0.6028328  0.2811562 ]]
C:/Users/USER/Desktop/new/45_degrees\frame_20241203_143525_134.jpg,[[0.12788662 0.56873685 0.3033766 ]]
C:/Users/USER/Desktop/new/45_degrees\frame_20241203_143525_256.jpg,[[0.11507382 0.6097768  0.27514935]]
C:/Users/USER/Desktop/new/45_degrees\frame_20241203_143525_376.jpg,[[0.11677245 0.6098943  0.27333325]]
C:/Users/USER/Desktop/new/45_degrees\frame_20241203_143525_497.jpg,[[0.11987538 0.60950893 0.27061573]]
C:/Users/USER/Desktop/new/45_degrees\frame_20241203_143525_617.jpg,[[0.12336382 0.60602134 0.27061483]]
C:/Users/USER/Desktop/new/45_degrees\frame_20241203_143525_737.jpg,[[0.11973649 0.6115108  0.26875272]]
C:/Users/USER/Desktop/new/45_degrees\frame_20241203_143526_967.jpg,[[0.10852024 0.54488343 0.34659633]]
C:/Users/USER/Desktop/new/45_degrees\frame_20241203_143527_095.jpg,[[0.10719609 0.54826546 0.34453854]]
C:/Users/USER/Desktop/new/45_degrees\frame_20241203_143527_218.jpg,[[0.11322593 0.54577863 0.3409954 ]]
C:/Users/USER/Desktop/new/45_degrees\frame_20241203_143527_339.jpg,[[0.11322593 0.54577863 0.3409954 ]]
C:/Users/USER/Desktop/new/45_degrees\frame_20241203_143527_459.jpg,[[0.11282453 0.537935   0.34924042]]
C:/Users/USER/Desktop/new/45_degrees\frame_20241203_143621_449.jpg,[[0.1094778  0.5323616  0.35816056]]
C:/Users/USER/Desktop/new/45_degrees\frame_20241203_143621_571.jpg,[[0.1085801  0.5342414  0.35717848]]
C:/Users/USER/Desktop/new/45_degrees\frame_20241203_143621_693.jpg,[[0.10675726 0.540989   0.35225374]]
C:/Users/USER/Desktop/new/45_degrees\frame_20241203_143621_815.jpg,[[0.11072439 0.5462707  0.34300482]]
C:/Users/USER/Desktop/new/45_degrees\frame_20241203_143621_935.jpg,[[0.11366886 0.5431655  0.34316558]]
C:/Users/USER/Desktop/new/45_degrees\frame_20241203_143622_056.jpg,[[0.11162121 0.5490991  0.33927968]]
C:/Users/USER/Desktop/new/45_degrees\frame_20241203_143622_175.jpg,[[0.10895237 0.5540889  0.33695874]]
C:/Users/USER/Desktop/new/45_degrees\frame_20241203_143622_297.jpg,[[0.10566341 0.56261504 0.33172148]]
C:/Users/USER/Desktop/new/45_degrees\frame_20241203_143623_527.jpg,[[0.11167747 0.52997315 0.35834944]]
C:/Users/USER/Desktop/new/45_degrees\frame_20241203_143623_649.jpg,[[0.11119032 0.52908844 0.35972127]]
C:/Users/USER/Desktop/new/45_degrees\frame_20241203_143623_770.jpg,[[0.10372646 0.55345243 0.34282115]]
C:/Users/USER/Desktop/new/45_degrees\frame_20241203_143623_891.jpg,[[0.10715732 0.5521879  0.34065476]]
C:/Users/USER/Desktop/new/45_degrees\frame_20241203_143624_011.jpg,[[0.10891386 0.5529913  0.3380949 ]]
C:/Users/USER/Desktop/new/45_degrees\frame_20241203_143624_131.jpg,[[0.10977162 0.55758315 0.3326452 ]]
C:/Users/USER/Desktop/new/45_degrees\frame_20241203_143624_251.jpg,[[0.11002582 0.5621773  0.3277969 ]]
C:/Users/USER/Desktop/new/45_degrees\frame_20241203_143624_372.jpg,[[0.10710832 0.5712736  0.32161802]]
C:/Users/USER/Desktop/new/45_degrees\frame_20241203_143625_803.jpg,[[0.10111269 0.5598879  0.3389994 ]]
C:/Users/USER/Desktop/new/45_degrees\frame_20241203_143625_924.jpg,[[0.09632729 0.5756316  0.32804114]]
C:/Users/USER/Desktop/new/45_degrees\frame_20241203_143626_044.jpg,[[0.09659602 0.57711643 0.32628754]]
C:/Users/USER/Desktop/new/45_degrees\frame_20241203_143626_166.jpg,[[0.1016404  0.56900144 0.32935822]]
C:/Users/USER/Desktop/new/45_degrees\frame_20241203_143626_286.jpg,[[0.10244094 0.56669044 0.33086857]]
C:/Users/USER/Desktop/new/45_degrees\frame_20241203_143626_407.jpg,[[0.10587832 0.5617751  0.3323466 ]]
C:/Users/USER/Desktop/new/45_degrees\frame_20241203_143626_527.jpg,[[0.10826714 0.5551766  0.3365562 ]]
C:/Users/USER/Desktop/new/45_degrees\frame_20241203_143626_647.jpg,[[0.10818958 0.55426025 0.33755022]]
C:/Users/USER/Desktop/new/45_degrees\frame_20241203_143626_767.jpg,[[0.10550033 0.5594929  0.33500677]]
C:/Users/USER/Desktop/new/45_degrees\frame_20241203_143626_888.jpg,[[0.10493194 0.5613197  0.33374825]]
C:/Users/USER/Desktop/new/45_degrees\frame_20241203_143627_916.jpg,[[0.10271471 0.5459558  0.35132954]]
C:/Users/USER/Desktop/new/45_degrees\frame_20241203_143628_038.jpg,[[0.10382718 0.53904706 0.35712576]]
C:/Users/USER/Desktop/new/45_degrees\frame_20241203_143628_159.jpg,[[0.09539495 0.56577003 0.338835  ]]
C:/Users/USER/Desktop/new/45_degrees\frame_20241203_143628_281.jpg,[[0.09610448 0.57122535 0.33267015]]
C:/Users/USER/Desktop/new/45_degrees\frame_20241203_143628_401.jpg,[[0.09486502 0.57321465 0.33192036]]
C:/Users/USER/Desktop/new/45_degrees\frame_20241203_143628_522.jpg,[[0.09250437 0.5773467  0.33014888]]
C:/Users/USER/Desktop/new/45_degrees\frame_20241203_143628_648.jpg,[[0.09063701 0.58007693 0.32928604]]
C:/Users/USER/Desktop/new/45_degrees\frame_20241203_143628_768.jpg,[[0.08609995 0.5916429  0.32225716]]
C:/Users/USER/Desktop/new/45_degrees\frame_20241203_143628_888.jpg,[[0.08270067 0.6014245  0.31587476]]
C:/Users/USER/Desktop/new/45_degrees\frame_20241203_143709_461.jpg,[[0.09929965 0.5896683  0.31103212]]
C:/Users/USER/Desktop/new/45_degrees\frame_20241203_143709_584.jpg,[[0.10347403 0.5815489  0.31497705]]
C:/Users/USER/Desktop/new/45_degrees\frame_20241203_143709_706.jpg,[[0.10347403 0.5815489  0.31497705]]
C:/Users/USER/Desktop/new/45_degrees\frame_20241203_143709_827.jpg,[[0.10551102 0.5872434  0.30724564]]
C:/Users/USER/Desktop/new/45_degrees\frame_20241203_143709_948.jpg,[[0.10844005 0.5866412  0.30491877]]
C:/Users/USER/Desktop/new/45_degrees\frame_20241203_143710_068.jpg,[[0.11151481 0.58603996 0.30244526]]
C:/Users/USER/Desktop/new/45_degrees\frame_20241203_143710_188.jpg,[[0.10527713 0.60060817 0.2941147 ]]
C:/Users/USER/Desktop/new/45_degrees\frame_20241203_143710_308.jpg,[[0.10489845 0.6082028  0.28689873]]
C:/Users/USER/Desktop/new/45_degrees\frame_20241203_143710_427.jpg,[[0.10063175 0.6314628  0.26790538]]
C:/Users/USER/Desktop/new/45_degrees\frame_20241203_143710_547.jpg,[[0.09295964 0.6575023  0.2495381 ]]
C:/Users/USER/Desktop/new/45_degrees\frame_20241203_143711_374.jpg,[[0.06312352 0.6325427  0.30433378]]
C:/Users/USER/Desktop/new/45_degrees\frame_20241203_143711_495.jpg,[[0.06718405 0.6226981  0.31011778]]
C:/Users/USER/Desktop/new/45_degrees\frame_20241203_143711_617.jpg,[[0.06773196 0.6241673  0.30810067]]
C:/Users/USER/Desktop/new/45_degrees\frame_20241203_143711_737.jpg,[[0.0693389  0.62148446 0.30917665]]
C:/Users/USER/Desktop/new/45_degrees\frame_20241203_143711_859.jpg,[[0.06600418 0.6306702  0.3033256 ]]
C:/Users/USER/Desktop/new/45_degrees\frame_20241203_143741_682.jpg,[[0.11475178 0.54798937 0.33725882]]
C:/Users/USER/Desktop/new/45_degrees\frame_20241203_143741_904.jpg,[[0.11333647 0.56185937 0.32480413]]
C:/Users/USER/Desktop/new/45_degrees\frame_20241203_143742_024.jpg,[[0.11324261 0.5605829  0.32617444]]
C:/Users/USER/Desktop/new/45_degrees\frame_20241203_143742_144.jpg,[[0.11223535 0.5612586  0.3265061 ]]
C:/Users/USER/Desktop/new/45_degrees\frame_20241203_143742_264.jpg,[[0.11529204 0.551677   0.33303094]]
C:/Users/USER/Desktop/new/45_degrees\frame_20241203_143742_385.jpg,[[0.11422143 0.55273217 0.33304644]]
C:/Users/USER/Desktop/new/45_degrees\frame_20241203_143743_716.jpg,[[0.1206883  0.53094846 0.34836325]]
C:/Users/USER/Desktop/new/45_degrees\frame_20241203_143743_838.jpg,[[0.1226021  0.52942026 0.34797764]]
C:/Users/USER/Desktop/new/45_degrees\frame_20241203_143743_959.jpg,[[0.12514192 0.52744013 0.347418  ]]
C:/Users/USER/Desktop/new/45_degrees\frame_20241203_143744_080.jpg,[[0.12564589 0.5254622  0.34889188]]
C:/Users/USER/Desktop/new/45_degrees\frame_20241203_143744_200.jpg,[[0.12564589 0.5254622  0.34889188]]
C:/Users/USER/Desktop/new/45_degrees\frame_20241203_143744_320.jpg,[[0.12700155 0.5218185  0.35118   ]]
C:/Users/USER/Desktop/new/45_degrees\frame_20241203_143744_440.jpg,[[0.13015556 0.51429015 0.35555428]]
C:/Users/USER/Desktop/new/45_degrees\frame_20241203_143744_560.jpg,[[0.1333733  0.50611156 0.36051518]]
C:/Users/USER/Desktop/new/45_degrees\frame_20241203_143744_683.jpg,[[0.13810328 0.49495757 0.36693916]]
C:/Users/USER/Desktop/new/45_degrees\frame_20241203_143745_813.jpg,[[0.17124225 0.4299107  0.39884704]]
C:/Users/USER/Desktop/new/45_degrees\frame_20241203_143745_933.jpg,[[0.17518458 0.42344755 0.40136778]]
C:/Users/USER/Desktop/new/45_degrees\frame_20241203_143746_054.jpg,[[0.17642058 0.42027834 0.403301  ]]
C:/Users/USER/Desktop/new/45_degrees\frame_20241203_143746_174.jpg,[[0.1854663  0.40754572 0.40698797]]
C:/Users/USER/Desktop/new/45_degrees\frame_20241203_143746_295.jpg,[[0.18704659 0.4036825  0.40927085]]
C:/Users/USER/Desktop/new/45_degrees\frame_20241203_143746_414.jpg,[[0.18656003 0.40252897 0.41091102]]
C:/Users/USER/Desktop/new/45_degrees\frame_20241203_143746_536.jpg,[[0.18495259 0.4040142  0.41103318]]
C:/Users/USER/Desktop/new/45_degrees\frame_20241203_143746_656.jpg,[[0.18229926 0.40832198 0.40937877]]
C:/Users/USER/Desktop/new/45_degrees\frame_20241203_143746_777.jpg,[[0.1834512  0.40855268 0.40799606]]
C:/Users/USER/Desktop/new/45_degrees\frame_20241203_143746_897.jpg,[[0.1912009  0.39624286 0.41255626]]
C:/Users/USER/Desktop/new/45_degrees\frame_20241203_143747_018.jpg,[[0.19095968 0.39568815 0.41335213]]
C:/Users/USER/Desktop/new/45_degrees\frame_20241203_143747_138.jpg,[[0.19007877 0.40052116 0.40940005]]
C:/Users/USER/Desktop/new/45_degrees\frame_20241203_143747_259.jpg,[[0.20321766 0.38197213 0.41481024]]
C:/Users/USER/Desktop/new/45_degrees\frame_20241203_143747_379.jpg,[[0.20546147 0.3756247  0.41891387]]
C:/Users/USER/Desktop/new/45_degrees\frame_20241203_143748_509.jpg,[[0.19597274 0.39556417 0.4084631 ]]
C:/Users/USER/Desktop/new/45_degrees\frame_20241203_143748_630.jpg,[[0.19320196 0.3973245  0.40947348]]
C:/Users/USER/Desktop/new/45_degrees\frame_20241203_143748_752.jpg,[[0.19037513 0.39940467 0.41022018]]
C:/Users/USER/Desktop/new/45_degrees\frame_20241203_143748_872.jpg,[[0.19227071 0.40428588 0.4034434 ]]
C:/Users/USER/Desktop/new/45_degrees\frame_20241203_143748_993.jpg,[[0.19202597 0.41233963 0.3956343 ]]
C:/Users/USER/Desktop/new/45_degrees\frame_20241203_143749_113.jpg,[[0.18830045 0.42578223 0.3859173 ]]
C:/Users/USER/Desktop/new/45_degrees\frame_20241203_143749_234.jpg,[[0.18544039 0.43723696 0.37732258]]
C:/Users/USER/Desktop/new/45_degrees\frame_20241203_143749_354.jpg,[[0.17580622 0.45455465 0.3696392 ]]
C:/Users/USER/Desktop/new/45_degrees\frame_20241203_143749_474.jpg,[[0.16413222 0.47642708 0.35944065]]
C:/Users/USER/Desktop/new/45_degrees\frame_20241203_143750_804.jpg,[[0.07743315 0.673022   0.24954484]]
C:/Users/USER/Desktop/new/45_degrees\frame_20241203_143750_926.jpg,[[0.07686182 0.67120045 0.25193775]]
C:/Users/USER/Desktop/new/45_degrees\frame_20241203_143751_046.jpg,[[0.07331522 0.67758864 0.24909614]]
C:/Users/USER/Desktop/new/45_degrees\frame_20241203_143751_167.jpg,[[0.0784739  0.6736235  0.24790256]]
C:/Users/USER/Desktop/new/45_degrees\frame_20241203_143751_287.jpg,[[0.07228172 0.6811552  0.24656309]]
C:/Users/USER/Desktop/new/45_degrees\frame_20241203_143751_408.jpg,[[0.07002459 0.677643   0.25233242]]
C:/Users/USER/Desktop/new/45_degrees\frame_20241203_143818_284.jpg,[[0.04462349 0.7489617  0.20641486]]
C:/Users/USER/Desktop/new/45_degrees\frame_20241203_143818_504.jpg,[[0.0529423  0.713969   0.23308873]]
C:/Users/USER/Desktop/new/45_degrees\frame_20241203_143818_624.jpg,[[0.05437223 0.7129933  0.23263445]]
C:/Users/USER/Desktop/new/45_degrees\frame_20241203_143818_745.jpg,[[0.05498743 0.7186612  0.22635135]]
C:/Users/USER/Desktop/new/45_degrees\frame_20241203_143818_965.jpg,[[0.06344911 0.7053519  0.23119906]]
C:/Users/USER/Desktop/new/45_degrees\frame_20241203_143819_085.jpg,[[0.0657218  0.7033879  0.23089026]]
C:/Users/USER/Desktop/new/45_degrees\frame_20241203_143820_013.jpg,[[0.07870822 0.6529593  0.26833248]]
C:/Users/USER/Desktop/new/45_degrees\frame_20241203_143820_134.jpg,[[0.07991382 0.64873785 0.27134833]]
C:/Users/USER/Desktop/new/45_degrees\frame_20241203_143820_254.jpg,[[0.07840477 0.6523845  0.2692107 ]]
C:/Users/USER/Desktop/new/45_degrees\frame_20241203_143820_375.jpg,[[0.08163532 0.6454561  0.2729086 ]]
C:/Users/USER/Desktop/new/45_degrees\frame_20241203_143820_494.jpg,[[0.08489813 0.6385439  0.27655798]]
C:/Users/USER/Desktop/new/45_degrees\frame_20241203_143820_615.jpg,[[0.0874163  0.63063496 0.2819487 ]]
C:/Users/USER/Desktop/new/45_degrees\frame_20241203_143820_734.jpg,[[0.08861031 0.62539244 0.2859972 ]]
C:/Users/USER/Desktop/new/45_degrees\frame_20241203_143820_854.jpg,[[0.08556118 0.63198227 0.2824565 ]]
C:/Users/USER/Desktop/new/45_degrees\frame_20241203_143820_974.jpg,[[0.08024278 0.6465778  0.27317953]]
C:/Users/USER/Desktop/new/45_degrees\frame_20241203_143821_094.jpg,[[0.07456146 0.6626621  0.2627765 ]]
C:/Users/USER/Desktop/new/45_degrees\frame_20241203_143821_214.jpg,[[0.07109289 0.674395   0.25451207]]
C:/Users/USER/Desktop/new/45_degrees\frame_20241203_143821_334.jpg,[[0.06907261 0.6832365  0.24769087]]
C:/Users/USER/Desktop/new/45_degrees\frame_20241203_143851_144.jpg,[[0.10302144 0.55651563 0.3404629 ]]
C:/Users/USER/Desktop/new/45_degrees\frame_20241203_143851_366.jpg,[[0.09980944 0.5707539  0.32943672]]
C:/Users/USER/Desktop/new/45_degrees\frame_20241203_143851_588.jpg,[[0.10179179 0.56766903 0.33053914]]
C:/Users/USER/Desktop/new/45_degrees\frame_20241203_143851_809.jpg,[[0.10168696 0.5670499  0.33126307]]
C:/Users/USER/Desktop/new/45_degrees\frame_20241203_143853_343.jpg,[[0.09736472 0.5655703  0.33706498]]
C:/Users/USER/Desktop/new/45_degrees\frame_20241203_143853_464.jpg,[[0.09721509 0.566252   0.3365329 ]]
C:/Users/USER/Desktop/new/45_degrees\frame_20241203_143853_586.jpg,[[0.0928813  0.58290416 0.32421458]]
C:/Users/USER/Desktop/new/45_degrees\frame_20241203_143853_707.jpg,[[0.09123335 0.5890711  0.31969556]]
C:/Users/USER/Desktop/new/45_degrees\frame_20241203_143853_832.jpg,[[0.08878409 0.59849024 0.31272563]]
C:/Users/USER/Desktop/new/45_degrees\frame_20241203_143853_952.jpg,[[0.08750717 0.60512686 0.30736595]]
C:/Users/USER/Desktop/new/45_degrees\frame_20241203_143854_076.jpg,[[0.08702144 0.6082872  0.30469134]]
C:/Users/USER/Desktop/new/45_degrees\frame_20241203_143854_195.jpg,[[0.08702144 0.6082872  0.30469134]]
C:/Users/USER/Desktop/new/45_degrees\frame_20241203_143854_315.jpg,[[0.08573662 0.61445004 0.2998134 ]]
C:/Users/USER/Desktop/new/45_degrees\frame_20241203_143900_188.jpg,[[0.17120358 0.44043168 0.3883647 ]]
C:/Users/USER/Desktop/new/45_degrees\frame_20241203_143900_315.jpg,[[0.17346555 0.43793562 0.38859886]]
C:/Users/USER/Desktop/new/45_degrees\frame_20241203_143900_436.jpg,[[0.17433804 0.43768743 0.3879745 ]]
C:/Users/USER/Desktop/new/45_degrees\frame_20241203_143900_557.jpg,[[0.17806806 0.43413255 0.38779935]]
C:/Users/USER/Desktop/new/45_degrees\frame_20241203_143900_678.jpg,[[0.17611805 0.43727392 0.38660803]]
C:/Users/USER/Desktop/new/45_degrees\frame_20241203_143900_797.jpg,[[0.17668745 0.43626028 0.38705227]]
C:/Users/USER/Desktop/new/45_degrees\frame_20241203_143900_917.jpg,[[0.17921266 0.4304275  0.39035982]]
C:/Users/USER/Desktop/new/45_degrees\frame_20241203_143901_037.jpg,[[0.1798389  0.42787364 0.39228746]]
C:/Users/USER/Desktop/new/45_degrees\frame_20241203_143901_157.jpg,[[0.1794146  0.42676824 0.39381713]]
C:/Users/USER/Desktop/new/45_degrees\frame_20241203_143901_278.jpg,[[0.17756116 0.42731148 0.39512736]]
C:/Users/USER/Desktop/new/45_degrees\frame_20241203_143901_399.jpg,[[0.17734641 0.42554522 0.39710838]]
C:/Users/USER/Desktop/new/45_degrees\frame_20241203_143902_327.jpg,[[0.1817353  0.42667812 0.3915866 ]]
C:/Users/USER/Desktop/new/45_degrees\frame_20241203_143902_447.jpg,[[0.1817353  0.42667812 0.3915866 ]]
C:/Users/USER/Desktop/new/45_degrees\frame_20241203_143902_568.jpg,[[0.18150365 0.4277464  0.39075   ]]
C:/Users/USER/Desktop/new/45_degrees\frame_20241203_143902_690.jpg,[[0.18087867 0.43131414 0.38780713]]
C:/Users/USER/Desktop/new/45_degrees\frame_20241203_143902_810.jpg,[[0.17621085 0.43935627 0.38443294]]
C:/Users/USER/Desktop/new/45_degrees\frame_20241203_143902_931.jpg,[[0.17464846 0.44239327 0.38295835]]
C:/Users/USER/Desktop/new/45_degrees\frame_20241203_143903_051.jpg,[[0.17356375 0.44538108 0.3810552 ]]
C:/Users/USER/Desktop/new/45_degrees\frame_20241203_143903_171.jpg,[[0.17202492 0.44733036 0.38064477]]
C:/Users/USER/Desktop/new/45_degrees\frame_20241203_143903_291.jpg,[[0.16850568 0.4538552  0.37763914]]
C:/Users/USER/Desktop/new/45_degrees\frame_20241203_143903_412.jpg,[[0.16531292 0.4606495  0.3740376 ]]
C:/Users/USER/Desktop/new/45_degrees\frame_20241203_143903_532.jpg,[[0.16330874 0.46739307 0.36929822]]
C:/Users/USER/Desktop/new/45_degrees\frame_20241203_143903_653.jpg,[[0.15995887 0.48119578 0.35884535]]
C:/Users/USER/Desktop/new/45_degrees\frame_20241203_143903_773.jpg,[[0.15555413 0.49974632 0.3446996 ]]
C:/Users/USER/Desktop/new/45_degrees\frame_20241203_143903_894.jpg,[[0.148338   0.5219211  0.32974088]]
C:/Users/USER/Desktop/new/45_degrees\frame_20241203_143904_014.jpg,[[0.13904986 0.544141   0.31680912]]
C:/Users/USER/Desktop/new/45_degrees\frame_20241203_143904_135.jpg,[[0.1261729  0.57844955 0.29537755]]
C:/Users/USER/Desktop/new/45_degrees\frame_20241203_143904_255.jpg,[[0.11969011 0.5913719  0.28893796]]
C:/Users/USER/Desktop/new/45_degrees\frame_20241203_143904_376.jpg,[[0.11391073 0.60008675 0.28600255]]
C:/Users/USER/Desktop/new/45_degrees\frame_20241203_143905_506.jpg,[[0.11411026 0.55732036 0.32856938]]
C:/Users/USER/Desktop/new/45_degrees\frame_20241203_143905_634.jpg,[[0.11475747 0.5558026  0.32944   ]]
C:/Users/USER/Desktop/new/45_degrees\frame_20241203_143905_755.jpg,[[0.10929076 0.5719023  0.31880692]]
C:/Users/USER/Desktop/new/45_degrees\frame_20241203_143905_876.jpg,[[0.11442823 0.5595945  0.32597724]]
C:/Users/USER/Desktop/new/45_degrees\frame_20241203_143905_996.jpg,[[0.11872546 0.5498308  0.33144376]]
C:/Users/USER/Desktop/new/45_degrees\frame_20241203_143906_117.jpg,[[0.12793373 0.53157306 0.3404932 ]]
C:/Users/USER/Desktop/new/45_degrees\frame_20241203_143906_237.jpg,[[0.13722126 0.5100309  0.35274783]]
C:/Users/USER/Desktop/new/45_degrees\frame_20241203_143906_358.jpg,[[0.15119529 0.476033   0.37277168]]
C:/Users/USER/Desktop/new/45_degrees\frame_20241203_143906_479.jpg,[[0.15832353 0.46496406 0.37671238]]
C:/Users/USER/Desktop/new/45_degrees\frame_20241203_143906_600.jpg,[[0.16070163 0.46358737 0.37571105]]
C:/Users/USER/Desktop/new/45_degrees\frame_20241203_143906_720.jpg,[[0.15951355 0.4708582  0.3696283 ]]
C:/Users/USER/Desktop/new/45_degrees\frame_20241203_143906_841.jpg,[[0.15297972 0.48560888 0.36141136]]
C:/Users/USER/Desktop/new/45_degrees\frame_20241203_143906_961.jpg,[[0.14556083 0.49767825 0.35676092]]
C:/Users/USER/Desktop/new/45_degrees\frame_20241203_143907_081.jpg,[[0.13731137 0.51198655 0.3507021 ]]
C:/Users/USER/Desktop/new/45_degrees\frame_20241203_143908_311.jpg,[[0.11423896 0.58686614 0.2988949 ]]
C:/Users/USER/Desktop/new/45_degrees\frame_20241203_143908_432.jpg,[[0.11682427 0.5782428  0.30493292]]
C:/Users/USER/Desktop/new/45_degrees\frame_20241203_143908_554.jpg,[[0.1060819 0.6112608 0.2826573]]
C:/Users/USER/Desktop/new/45_degrees\frame_20241203_143908_675.jpg,[[0.10326345 0.624211   0.27252555]]
C:/Users/USER/Desktop/new/45_degrees\frame_20241203_143908_795.jpg,[[0.09972981 0.6328662  0.267404  ]]
C:/Users/USER/Desktop/new/45_degrees\frame_20241203_143908_915.jpg,[[0.09848102 0.63811004 0.26340893]]
C:/Users/USER/Desktop/new/45_degrees\frame_20241203_143909_035.jpg,[[0.10028726 0.6374953  0.26221743]]
C:/Users/USER/Desktop/new/45_degrees\frame_20241203_143909_155.jpg,[[0.10273939 0.6410134  0.25624728]]
C:/Users/USER/Desktop/new/90_degrees\frame_20241203_143452_055.jpg,[[0.11272425 0.5199167  0.367359  ]]
C:/Users/USER/Desktop/new/90_degrees\frame_20241203_143452_179.jpg,[[0.11264179 0.51985765 0.3675006 ]]
C:/Users/USER/Desktop/new/90_degrees\frame_20241203_143452_604.jpg,[[0.1123742 0.531271  0.3563548]]
C:/Users/USER/Desktop/new/90_degrees\frame_20241203_143452_726.jpg,[[0.11110321 0.5350902  0.35380653]]
C:/Users/USER/Desktop/new/90_degrees\frame_20241203_143452_850.jpg,[[0.11488977 0.53262645 0.35248372]]
C:/Users/USER/Desktop/new/90_degrees\frame_20241203_143453_575.jpg,[[0.1283688  0.5118791  0.35975212]]
C:/Users/USER/Desktop/new/90_degrees\frame_20241203_143453_696.jpg,[[0.13043182 0.50564516 0.363923  ]]
C:/Users/USER/Desktop/new/90_degrees\frame_20241203_143453_817.jpg,[[0.12573145 0.5184109  0.35585767]]
C:/Users/USER/Desktop/new/90_degrees\frame_20241203_143453_937.jpg,[[0.12510557 0.5271556  0.34773886]]
C:/Users/USER/Desktop/new/90_degrees\frame_20241203_143454_360.jpg,[[0.13998736 0.5011949  0.35881773]]
C:/Users/USER/Desktop/new/90_degrees\frame_20241203_143454_581.jpg,[[0.1405875 0.5010418 0.3583707]]
C:/Users/USER/Desktop/new/90_degrees\frame_20241203_143454_703.jpg,[[0.14393775 0.5013597  0.35470256]]
C:/Users/USER/Desktop/new/90_degrees\frame_20241203_143454_824.jpg,[[0.13775761 0.5116545  0.35058784]]
C:/Users/USER/Desktop/new/90_degrees\frame_20241203_143454_945.jpg,[[0.13891506 0.5094598  0.35162508]]
C:/Users/USER/Desktop/new/90_degrees\frame_20241203_143455_065.jpg,[[0.14118704 0.50453967 0.35427323]]
C:/Users/USER/Desktop/new/90_degrees\frame_20241203_143455_488.jpg,[[0.15476932 0.47853753 0.36669314]]
C:/Users/USER/Desktop/new/90_degrees\frame_20241203_143455_608.jpg,[[0.158476   0.46897048 0.37255362]]
C:/Users/USER/Desktop/new/90_degrees\frame_20241203_143455_729.jpg,[[0.15886262 0.46827933 0.3728581 ]]
C:/Users/USER/Desktop/new/90_degrees\frame_20241203_143455_849.jpg,[[0.15817761 0.4696283  0.37219414]]
C:/Users/USER/Desktop/new/90_degrees\frame_20241203_143455_970.jpg,[[0.15947314 0.4677222  0.37280464]]
C:/Users/USER/Desktop/new/90_degrees\frame_20241203_143456_091.jpg,[[0.15947314 0.4677222  0.37280464]]
C:/Users/USER/Desktop/new/90_degrees\frame_20241203_143456_210.jpg,[[0.16072574 0.4658697  0.3734046 ]]
C:/Users/USER/Desktop/new/90_degrees\frame_20241203_143528_791.jpg,[[0.10015002 0.54922485 0.35062516]]
C:/Users/USER/Desktop/new/90_degrees\frame_20241203_143528_912.jpg,[[0.09996635 0.54973966 0.35029402]]
C:/Users/USER/Desktop/new/90_degrees\frame_20241203_143529_034.jpg,[[0.09598193 0.5589929  0.34502512]]
C:/Users/USER/Desktop/new/90_degrees\frame_20241203_143529_154.jpg,[[0.09663632 0.5611366  0.34222704]]
C:/Users/USER/Desktop/new/90_degrees\frame_20241203_143529_275.jpg,[[0.0929852  0.57151985 0.33549497]]
C:/Users/USER/Desktop/new/90_degrees\frame_20241203_143530_908.jpg,[[0.10562138 0.60090137 0.2934772 ]]
C:/Users/USER/Desktop/new/90_degrees\frame_20241203_143531_030.jpg,[[0.10957731 0.5932191  0.2972036 ]]
C:/Users/USER/Desktop/new/90_degrees\frame_20241203_143531_151.jpg,[[0.10643069 0.59596604 0.29760328]]
C:/Users/USER/Desktop/new/90_degrees\frame_20241203_143531_272.jpg,[[0.10462461 0.59889853 0.29647684]]
C:/Users/USER/Desktop/new/90_degrees\frame_20241203_143531_393.jpg,[[0.10567637 0.59656733 0.2977563 ]]
C:/Users/USER/Desktop/new/90_degrees\frame_20241203_143531_514.jpg,[[0.1061704  0.59680885 0.29702073]]
C:/Users/USER/Desktop/new/90_degrees\frame_20241203_143531_634.jpg,[[0.10823892 0.59323245 0.29852867]]
C:/Users/USER/Desktop/new/90_degrees\frame_20241203_143531_755.jpg,[[0.11017578 0.58971196 0.30011225]]
C:/Users/USER/Desktop/new/90_degrees\frame_20241203_143531_874.jpg,[[0.11327097 0.5826333  0.30409572]]
C:/Users/USER/Desktop/new/90_degrees\frame_20241203_143533_509.jpg,[[0.13105066 0.5377573  0.3311921 ]]
C:/Users/USER/Desktop/new/90_degrees\frame_20241203_143533_631.jpg,[[0.13065223 0.53867775 0.33067006]]
C:/Users/USER/Desktop/new/90_degrees\frame_20241203_143533_753.jpg,[[0.12441164 0.5452688  0.33031958]]
C:/Users/USER/Desktop/new/90_degrees\frame_20241203_143533_875.jpg,[[0.12887241 0.54056954 0.3305581 ]]
C:/Users/USER/Desktop/new/90_degrees\frame_20241203_143533_994.jpg,[[0.12958205 0.5368703  0.33354768]]
C:/Users/USER/Desktop/new/90_degrees\frame_20241203_143534_115.jpg,[[0.13266139 0.5256239  0.34171468]]
C:/Users/USER/Desktop/new/90_degrees\frame_20241203_143534_236.jpg,[[0.13189198 0.52162075 0.34648734]]
C:/Users/USER/Desktop/new/90_degrees\frame_20241203_143542_362.jpg,[[0.09552439 0.6204924  0.28398323]]
C:/Users/USER/Desktop/new/90_degrees\frame_20241203_143542_483.jpg,[[0.09580968 0.6194586  0.2847317 ]]
C:/Users/USER/Desktop/new/90_degrees\frame_20241203_143542_604.jpg,[[0.09741308 0.6161026  0.28648436]]
C:/Users/USER/Desktop/new/90_degrees\frame_20241203_143542_724.jpg,[[0.09659783 0.6223746  0.28102762]]
C:/Users/USER/Desktop/new/90_degrees\frame_20241203_143542_846.jpg,[[0.09355974 0.6243584  0.28208187]]
C:/Users/USER/Desktop/new/90_degrees\frame_20241203_143542_966.jpg,[[0.09202342 0.62370443 0.28427216]]
C:/Users/USER/Desktop/new/90_degrees\frame_20241203_143543_091.jpg,[[0.09563456 0.6136275  0.290738  ]]
C:/Users/USER/Desktop/new/90_degrees\frame_20241203_143547_406.jpg,[[0.10838258 0.5730415  0.3185759 ]]
C:/Users/USER/Desktop/new/90_degrees\frame_20241203_143547_528.jpg,[[0.10787811 0.5731817  0.3189402 ]]
C:/Users/USER/Desktop/new/90_degrees\frame_20241203_143547_649.jpg,[[0.10337771 0.5853335  0.31128877]]
C:/Users/USER/Desktop/new/90_degrees\frame_20241203_143547_770.jpg,[[0.09952149 0.59195334 0.3085252 ]]
C:/Users/USER/Desktop/new/90_degrees\frame_20241203_143547_890.jpg,[[0.10045446 0.5901702  0.30937532]]
C:/Users/USER/Desktop/new/90_degrees\frame_20241203_143548_013.jpg,[[0.09771956 0.5942167  0.3080637 ]]
C:/Users/USER/Desktop/new/90_degrees\frame_20241203_143548_134.jpg,[[0.09452465 0.5976988  0.3077765 ]]
C:/Users/USER/Desktop/new/90_degrees\frame_20241203_143548_255.jpg,[[0.09299969 0.59934556 0.30765477]]
C:/Users/USER/Desktop/new/90_degrees\frame_20241203_143548_375.jpg,[[0.088625   0.60738856 0.30398643]]
C:/Users/USER/Desktop/new/90_degrees\frame_20241203_143549_807.jpg,[[0.08797165 0.59967995 0.31234843]]
C:/Users/USER/Desktop/new/90_degrees\frame_20241203_143549_927.jpg,[[0.08840603 0.5988356  0.31275842]]
C:/Users/USER/Desktop/new/90_degrees\frame_20241203_143550_049.jpg,[[0.08638623 0.6063569  0.3072569 ]]
C:/Users/USER/Desktop/new/90_degrees\frame_20241203_143550_169.jpg,[[0.08596194 0.6084232  0.30561492]]
C:/Users/USER/Desktop/new/90_degrees\frame_20241203_143550_290.jpg,[[0.0833364  0.6133619  0.30330172]]
C:/Users/USER/Desktop/new/90_degrees\frame_20241203_143550_410.jpg,[[0.08130091 0.6180284  0.3006707 ]]
C:/Users/USER/Desktop/new/90_degrees\frame_20241203_143550_531.jpg,[[0.0814747  0.62113947 0.29738578]]
C:/Users/USER/Desktop/new/90_degrees\frame_20241203_143550_651.jpg,[[0.08154979 0.6230547  0.29539555]]
C:/Users/USER/Desktop/new/90_degrees\frame_20241203_143552_285.jpg,[[0.09129559 0.60642636 0.30227804]]
C:/Users/USER/Desktop/new/90_degrees\frame_20241203_143552_405.jpg,[[0.09164807 0.60577697 0.30257496]]
C:/Users/USER/Desktop/new/90_degrees\frame_20241203_143552_527.jpg,[[0.08998166 0.6129219  0.29709643]]
C:/Users/USER/Desktop/new/90_degrees\frame_20241203_143552_646.jpg,[[0.08929145 0.6134676  0.297241  ]]
C:/Users/USER/Desktop/new/90_degrees\frame_20241203_143552_767.jpg,[[0.08750041 0.6156807  0.29681885]]
C:/Users/USER/Desktop/new/90_degrees\frame_20241203_143552_887.jpg,[[0.08556166 0.6173629  0.29707545]]
C:/Users/USER/Desktop/new/90_degrees\frame_20241203_143553_007.jpg,[[0.08369717 0.6153428  0.30096   ]]
C:/Users/USER/Desktop/new/90_degrees\frame_20241203_143553_128.jpg,[[0.0818806 0.6146777 0.3034417]]
C:/Users/USER/Desktop/new/90_degrees\frame_20241203_143554_359.jpg,[[0.08806176 0.5749253  0.33701295]]
C:/Users/USER/Desktop/new/90_degrees\frame_20241203_143554_480.jpg,[[0.08742929 0.5757672  0.33680356]]
C:/Users/USER/Desktop/new/90_degrees\frame_20241203_143554_602.jpg,[[0.08849813 0.5764177  0.3350842 ]]
C:/Users/USER/Desktop/new/90_degrees\frame_20241203_143554_722.jpg,[[0.08783126 0.57848793 0.3336809 ]]
C:/Users/USER/Desktop/new/90_degrees\frame_20241203_143554_845.jpg,[[0.08813336 0.57754475 0.33432192]]
C:/Users/USER/Desktop/new/90_degrees\frame_20241203_143554_968.jpg,[[0.08983316 0.5742203  0.33594656]]
C:/Users/USER/Desktop/new/90_degrees\frame_20241203_143555_089.jpg,[[0.09278725 0.5687956  0.33841714]]
C:/Users/USER/Desktop/new/90_degrees\frame_20241203_143556_320.jpg,[[0.11065875 0.5662877  0.32305357]]
C:/Users/USER/Desktop/new/90_degrees\frame_20241203_143556_441.jpg,[[0.11217624 0.56346524 0.32435852]]
C:/Users/USER/Desktop/new/90_degrees\frame_20241203_143556_561.jpg,[[0.1107414  0.5663453  0.32291335]]
C:/Users/USER/Desktop/new/90_degrees\frame_20241203_143556_682.jpg,[[0.10875707 0.5692674  0.3219756 ]]
C:/Users/USER/Desktop/new/90_degrees\frame_20241203_143556_802.jpg,[[0.11062886 0.56478816 0.32458302]]
C:/Users/USER/Desktop/new/90_degrees\frame_20241203_143556_923.jpg,[[0.10986309 0.56537724 0.3247597 ]]
C:/Users/USER/Desktop/new/90_degrees\frame_20241203_143557_043.jpg,[[0.11132433 0.5567612  0.33191448]]
C:/Users/USER/Desktop/new/90_degrees\frame_20241203_143557_164.jpg,[[0.10949712 0.56187296 0.32863   ]]
C:/Users/USER/Desktop/new/90_degrees\frame_20241203_143557_286.jpg,[[0.10907758 0.5584182  0.33250418]]
C:/Users/USER/Desktop/new/90_degrees\frame_20241203_143557_407.jpg,[[0.10753153 0.5614601  0.33100834]]
C:/Users/USER/Desktop/new/90_degrees\frame_20241203_143557_527.jpg,[[0.10717705 0.55527115 0.33755183]]
C:/Users/USER/Desktop/new/90_degrees\frame_20241203_143558_355.jpg,[[0.0827079  0.5930664  0.32422572]]
C:/Users/USER/Desktop/new/90_degrees\frame_20241203_143558_475.jpg,[[0.07849301 0.60086966 0.32063732]]
C:/Users/USER/Desktop/new/90_degrees\frame_20241203_143558_696.jpg,[[0.07897592 0.6021089  0.31891522]]
C:/Users/USER/Desktop/new/90_degrees\frame_20241203_143558_816.jpg,[[0.07587051 0.608749   0.3153805 ]]
C:/Users/USER/Desktop/new/90_degrees\frame_20241203_143558_936.jpg,[[0.06943369 0.62523663 0.30532968]]
C:/Users/USER/Desktop/new/90_degrees\frame_20241203_143559_156.jpg,[[0.062059   0.64555913 0.29238182]]
C:/Users/USER/Desktop/new/90_degrees\frame_20241203_143559_277.jpg,[[0.0585636  0.65368444 0.28775203]]
C:/Users/USER/Desktop/new/90_degrees\frame_20241203_143559_403.jpg,[[0.058101   0.6605827  0.28131628]]
C:/Users/USER/Desktop/new/90_degrees\frame_20241203_143559_624.jpg,[[0.05086741 0.67979217 0.26934046]]
C:/Users/USER/Desktop/new/90_degrees\frame_20241203_143559_744.jpg,[[0.04699763 0.6884812  0.26452118]]
C:/Users/USER/Desktop/new/90_degrees\frame_20241203_143559_864.jpg,[[0.04603632 0.6896667  0.26429698]]
C:/Users/USER/Desktop/new/90_degrees\frame_20241203_143559_984.jpg,[[0.05419538 0.6640456  0.28175908]]
C:/Users/USER/Desktop/new/90_degrees\frame_20241203_143600_104.jpg,[[0.05391979 0.6582866  0.28779358]]
C:/Users/USER/Desktop/new/90_degrees\frame_20241203_143600_225.jpg,[[0.06159442 0.637488   0.3009175 ]]
C:/Users/USER/Desktop/new/90_degrees\frame_20241203_143600_446.jpg,[[0.07082716 0.613391   0.31578186]]
C:/Users/USER/Desktop/new/90_degrees\frame_20241203_143600_566.jpg,[[0.08110847 0.58765686 0.3312346 ]]
C:/Users/USER/Desktop/new/90_degrees\frame_20241203_143600_686.jpg,[[0.09806951 0.5623976  0.33953288]]
C:/Users/USER/Desktop/new/90_degrees\frame_20241203_143600_906.jpg,[[0.11053135 0.5920818  0.29738677]]
C:/Users/USER/Desktop/new/90_degrees\frame_20241203_143601_027.jpg,[[0.11273026 0.6200501  0.26721963]]
C:/Users/USER/Desktop/new/90_degrees\frame_20241203_143601_147.jpg,[[0.13354068 0.5630861  0.30337325]]
C:/Users/USER/Desktop/new/90_degrees\frame_20241203_143601_368.jpg,[[0.12554334 0.571223   0.30323368]]
C:/Users/USER/Desktop/new/90_degrees\frame_20241203_143601_489.jpg,[[0.09780639 0.63483137 0.26736233]]
C:/Users/USER/Desktop/new/90_degrees\frame_20241203_143601_609.jpg,[[0.07948663 0.69336116 0.22715221]]
C:/Users/USER/Desktop/new/90_degrees\frame_20241203_143601_729.jpg,[[0.07631275 0.70917916 0.21450806]]
C:/Users/USER/Desktop/new/90_degrees\frame_20241203_143601_849.jpg,[[0.07632442 0.7138103  0.20986532]]
C:/Users/USER/Desktop/new/90_degrees\frame_20241203_143602_777.jpg,[[0.09436338 0.59617025 0.3094664 ]]
C:/Users/USER/Desktop/new/90_degrees\frame_20241203_143602_898.jpg,[[0.08409582 0.6146216  0.30128258]]
C:/Users/USER/Desktop/new/90_degrees\frame_20241203_143603_017.jpg,[[0.08186821 0.6098468  0.308285  ]]
C:/Users/USER/Desktop/new/90_degrees\frame_20241203_143603_239.jpg,[[0.07615333 0.61133116 0.31251553]]
C:/Users/USER/Desktop/new/90_degrees\frame_20241203_143603_459.jpg,[[0.07886585 0.60312486 0.31800926]]
C:/Users/USER/Desktop/new/90_degrees\frame_20241203_143603_680.jpg,[[0.07432017 0.61148363 0.31419623]]
C:/Users/USER/Desktop/new/90_degrees\frame_20241203_143604_204.jpg,[[0.06616798 0.641647   0.29218495]]
C:/Users/USER/Desktop/new/90_degrees\frame_20241203_143604_324.jpg,[[0.06427255 0.6494491  0.28627837]]
C:/Users/USER/Desktop/new/90_degrees\frame_20241203_143604_451.jpg,[[0.06816413 0.64125097 0.29058483]]
C:/Users/USER/Desktop/new/90_degrees\frame_20241203_143605_582.jpg,[[0.08568452 0.61020917 0.3041063 ]]
C:/Users/USER/Desktop/new/90_degrees\frame_20241203_143605_701.jpg,[[0.08639713 0.60712147 0.30648136]]
C:/Users/USER/Desktop/new/90_degrees\frame_20241203_143605_822.jpg,[[0.08710632 0.60376596 0.30912778]]
C:/Users/USER/Desktop/new/90_degrees\frame_20241203_143605_941.jpg,[[0.08645828 0.6049113  0.30863038]]
C:/Users/USER/Desktop/new/90_degrees\frame_20241203_143606_061.jpg,[[0.08732827 0.6001065  0.3125652 ]]
C:/Users/USER/Desktop/new/90_degrees\frame_20241203_143606_180.jpg,[[0.08471411 0.6143931  0.3008927 ]]
C:/Users/USER/Desktop/new/90_degrees\frame_20241203_143606_300.jpg,[[0.07791059 0.63597023 0.2861191 ]]
C:/Users/USER/Desktop/new/90_degrees\frame_20241203_143606_419.jpg,[[0.07891954 0.6380476  0.28303283]]
C:/Users/USER/Desktop/new/90_degrees\frame_20241203_143607_852.jpg,[[0.08159002 0.65597856 0.26243138]]
C:/Users/USER/Desktop/new/90_degrees\frame_20241203_143607_972.jpg,[[0.08145628 0.65628946 0.2622542 ]]
C:/Users/USER/Desktop/new/90_degrees\frame_20241203_143608_094.jpg,[[0.07909627 0.6655913  0.25531244]]
C:/Users/USER/Desktop/new/90_degrees\frame_20241203_143608_217.jpg,[[0.08134329 0.661996   0.25666067]]
C:/Users/USER/Desktop/new/90_degrees\frame_20241203_143608_340.jpg,[[0.07756311 0.6741461  0.24829075]]
C:/Users/USER/Desktop/new/90_degrees\frame_20241203_143608_463.jpg,[[0.07756311 0.6741461  0.24829075]]
C:/Users/USER/Desktop/new/90_degrees\frame_20241203_143609_391.jpg,[[0.06528218 0.7313974  0.20332044]]
C:/Users/USER/Desktop/new/90_degrees\frame_20241203_143609_517.jpg,[[0.06543254 0.7319747  0.20259279]]
C:/Users/USER/Desktop/new/90_degrees\frame_20241203_143609_638.jpg,[[0.06512722 0.73308986 0.20178291]]
C:/Users/USER/Desktop/new/90_degrees\frame_20241203_143609_758.jpg,[[0.06438931 0.73647374 0.199137  ]]
C:/Users/USER/Desktop/new/90_degrees\frame_20241203_143609_879.jpg,[[0.064417   0.73496234 0.20062067]]
C:/Users/USER/Desktop/new/90_degrees\frame_20241203_143609_999.jpg,[[0.06418756 0.7367181  0.19909427]]
C:/Users/USER/Desktop/new/90_degrees\frame_20241203_143610_119.jpg,[[0.06633107 0.73283255 0.20083635]]
C:/Users/USER/Desktop/new/90_degrees\frame_20241203_143610_240.jpg,[[0.06704623 0.73178375 0.20117004]]
C:/Users/USER/Desktop/new/90_degrees\frame_20241203_143611_470.jpg,[[0.05980942 0.73771113 0.20247938]]
C:/Users/USER/Desktop/new/90_degrees\frame_20241203_143611_594.jpg,[[0.05973701 0.73682463 0.20343834]]
C:/Users/USER/Desktop/new/90_degrees\frame_20241203_143611_718.jpg,[[0.06212607 0.7314782  0.2063958 ]]
C:/Users/USER/Desktop/new/90_degrees\frame_20241203_143611_844.jpg,[[0.0614416 0.7323446 0.2062138]]
C:/Users/USER/Desktop/new/90_degrees\frame_20241203_143611_965.jpg,[[0.06273735 0.72958475 0.2076779 ]]
C:/Users/USER/Desktop/new/90_degrees\frame_20241203_143612_084.jpg,[[0.06273735 0.72958475 0.2076779 ]]
C:/Users/USER/Desktop/new/90_degrees\frame_20241203_143612_205.jpg,[[0.05972249 0.7290239  0.21125366]]
C:/Users/USER/Desktop/new/90_degrees\frame_20241203_143613_638.jpg,[[0.06473807 0.69460255 0.24065936]]
C:/Users/USER/Desktop/new/90_degrees\frame_20241203_143613_759.jpg,[[0.06432483 0.69479364 0.24088146]]
C:/Users/USER/Desktop/new/90_degrees\frame_20241203_143613_879.jpg,[[0.0661803  0.69209504 0.24172467]]
C:/Users/USER/Desktop/new/90_degrees\frame_20241203_143614_000.jpg,[[0.06678259 0.68994564 0.2432718 ]]
C:/Users/USER/Desktop/new/90_degrees\frame_20241203_143614_120.jpg,[[0.06285776 0.6940986  0.24304368]]
C:/Users/USER/Desktop/new/90_degrees\frame_20241203_143614_241.jpg,[[0.06652332 0.68453944 0.24893723]]
C:/Users/USER/Desktop/new/90_degrees\frame_20241203_143614_361.jpg,[[0.06121406 0.6935305  0.24525547]]
C:/Users/USER/Desktop/new/90_degrees\frame_20241203_143615_793.jpg,[[0.0694029  0.6537844  0.27681267]]
C:/Users/USER/Desktop/new/90_degrees\frame_20241203_143615_914.jpg,[[0.06820894 0.65612406 0.275667  ]]
C:/Users/USER/Desktop/new/90_degrees\frame_20241203_143616_036.jpg,[[0.06715191 0.65844697 0.27440107]]
C:/Users/USER/Desktop/new/90_degrees\frame_20241203_143616_157.jpg,[[0.07055787 0.65307975 0.27636242]]
C:/Users/USER/Desktop/new/90_degrees\frame_20241203_143616_278.jpg,[[0.07010447 0.65516484 0.27473068]]
C:/Users/USER/Desktop/new/90_degrees\frame_20241203_143616_398.jpg,[[0.07095973 0.6519095  0.2771308 ]]
C:/Users/USER/Desktop/new/90_degrees\frame_20241203_143616_519.jpg,[[0.07100821 0.65310645 0.27588528]]
C:/Users/USER/Desktop/new/90_degrees\frame_20241203_143616_639.jpg,[[0.0697071  0.6520038  0.27828908]]
C:/Users/USER/Desktop/new/90_degrees\frame_20241203_143618_476.jpg,[[0.08188611 0.6098722  0.3082417 ]]
C:/Users/USER/Desktop/new/90_degrees\frame_20241203_143618_597.jpg,[[0.08102829 0.6117696  0.30720207]]
C:/Users/USER/Desktop/new/90_degrees\frame_20241203_143618_721.jpg,[[0.08674078 0.6062243  0.30703494]]
C:/Users/USER/Desktop/new/90_degrees\frame_20241203_143618_845.jpg,[[0.08442345 0.611113   0.3044635 ]]
C:/Users/USER/Desktop/new/90_degrees\frame_20241203_143618_967.jpg,[[0.08266284 0.61598927 0.30134797]]
C:/Users/USER/Desktop/new/90_degrees\frame_20241203_143619_089.jpg,[[0.08340526 0.61460096 0.3019938 ]]
C:/Users/USER/Desktop/new/90_degrees\frame_20241203_143619_211.jpg,[[0.08340526 0.61460096 0.3019938 ]]
C:/Users/USER/Desktop/new/90_degrees\frame_20241203_143630_320.jpg,[[0.07689703 0.62208754 0.30101544]]
C:/Users/USER/Desktop/new/90_degrees\frame_20241203_143630_441.jpg,[[0.08050361 0.6107112  0.3087852 ]]
C:/Users/USER/Desktop/new/90_degrees\frame_20241203_143630_563.jpg,[[0.07938562 0.6114473  0.30916712]]
C:/Users/USER/Desktop/new/90_degrees\frame_20241203_143630_683.jpg,[[0.07848743 0.61875415 0.30275849]]
C:/Users/USER/Desktop/new/90_degrees\frame_20241203_143630_804.jpg,[[0.07596348 0.62652874 0.29750785]]
C:/Users/USER/Desktop/new/90_degrees\frame_20241203_143630_923.jpg,[[0.07647303 0.62913406 0.29439285]]
C:/Users/USER/Desktop/new/90_degrees\frame_20241203_143631_044.jpg,[[0.07670297 0.628345   0.294952  ]]
C:/Users/USER/Desktop/new/90_degrees\frame_20241203_143631_164.jpg,[[0.07776179 0.62418944 0.29804882]]
C:/Users/USER/Desktop/new/90_degrees\frame_20241203_143631_285.jpg,[[0.07789709 0.62316364 0.2989393 ]]
C:/Users/USER/Desktop/new/90_degrees\frame_20241203_143631_406.jpg,[[0.07685087 0.62478423 0.2983649 ]]
C:/Users/USER/Desktop/new/90_degrees\frame_20241203_143633_142.jpg,[[0.07315755 0.6319023  0.2949402 ]]
C:/Users/USER/Desktop/new/90_degrees\frame_20241203_143633_262.jpg,[[0.07499158 0.6254101  0.29959834]]
C:/Users/USER/Desktop/new/90_degrees\frame_20241203_143633_383.jpg,[[0.07473479 0.6265823  0.29868293]]
C:/Users/USER/Desktop/new/90_degrees\frame_20241203_143633_504.jpg,[[0.07391853 0.62724644 0.2988351 ]]
C:/Users/USER/Desktop/new/90_degrees\frame_20241203_143633_624.jpg,[[0.07268099 0.627736   0.29958296]]
C:/Users/USER/Desktop/new/90_degrees\frame_20241203_143633_751.jpg,[[0.07223485 0.6296782  0.298087  ]]
C:/Users/USER/Desktop/new/90_degrees\frame_20241203_143633_872.jpg,[[0.07293655 0.6297753  0.29728818]]
C:/Users/USER/Desktop/new/90_degrees\frame_20241203_143633_992.jpg,[[0.07327544 0.63236636 0.29435816]]
C:/Users/USER/Desktop/new/90_degrees\frame_20241203_143634_113.jpg,[[0.07107089 0.640389   0.28854012]]
C:/Users/USER/Desktop/new/90_degrees\frame_20241203_143635_949.jpg,[[0.0736706  0.6208733  0.30545607]]
C:/Users/USER/Desktop/new/90_degrees\frame_20241203_143636_070.jpg,[[0.07146292 0.6272458  0.3012913 ]]
C:/Users/USER/Desktop/new/90_degrees\frame_20241203_143636_192.jpg,[[0.06804791 0.6380422  0.29390988]]
C:/Users/USER/Desktop/new/90_degrees\frame_20241203_143636_313.jpg,[[0.06698363 0.64859223 0.28442413]]
C:/Users/USER/Desktop/new/90_degrees\frame_20241203_143636_433.jpg,[[0.06475981 0.6533953  0.28184488]]
C:/Users/USER/Desktop/new/90_degrees\frame_20241203_143636_554.jpg,[[0.06437691 0.6565588  0.27906433]]
C:/Users/USER/Desktop/new/90_degrees\frame_20241203_143636_673.jpg,[[0.06285898 0.6612344  0.27590662]]
C:/Users/USER/Desktop/new/90_degrees\frame_20241203_143636_793.jpg,[[0.06568899 0.65222615 0.28208488]]
C:/Users/USER/Desktop/new/90_degrees\frame_20241203_143636_914.jpg,[[0.06717642 0.64920855 0.28361505]]
C:/Users/USER/Desktop/new/90_degrees\frame_20241203_143638_751.jpg,[[0.07133215 0.64251494 0.2861529 ]]
C:/Users/USER/Desktop/new/90_degrees\frame_20241203_143638_878.jpg,[[0.06972867 0.643858   0.28641328]]
C:/Users/USER/Desktop/new/90_degrees\frame_20241203_143639_000.jpg,[[0.06566325 0.66490006 0.26943672]]
C:/Users/USER/Desktop/new/90_degrees\frame_20241203_143639_120.jpg,[[0.06235448 0.6728804  0.2647651 ]]
C:/Users/USER/Desktop/new/90_degrees\frame_20241203_143639_240.jpg,[[0.06281991 0.6745282  0.26265192]]
C:/Users/USER/Desktop/new/90_degrees\frame_20241203_143639_360.jpg,[[0.06222695 0.6805621  0.25721097]]
C:/Users/USER/Desktop/new/90_degrees\frame_20241203_143639_481.jpg,[[0.06041035 0.6893754  0.25021422]]
C:/Users/USER/Desktop/new/90_degrees\frame_20241203_143639_600.jpg,[[0.05803958 0.69884247 0.24311793]]
C:/Users/USER/Desktop/new/90_degrees\frame_20241203_143639_720.jpg,[[0.05976001 0.7034325  0.23680744]]
C:/Users/USER/Desktop/new/90_degrees\frame_20241203_143639_840.jpg,[[0.06070167 0.7115552  0.22774312]]
C:/Users/USER/Desktop/new/90_degrees\frame_20241203_143639_962.jpg,[[0.06268617 0.71570617 0.22160764]]
C:/Users/USER/Desktop/new/90_degrees\frame_20241203_143641_595.jpg,[[0.06685681 0.6988808  0.23426244]]
C:/Users/USER/Desktop/new/90_degrees\frame_20241203_143641_717.jpg,[[0.06824819 0.68955684 0.24219494]]
C:/Users/USER/Desktop/new/90_degrees\frame_20241203_143641_841.jpg,[[0.06846141 0.69544697 0.23609161]]
C:/Users/USER/Desktop/new/90_degrees\frame_20241203_143641_962.jpg,[[0.06684834 0.6966524  0.23649918]]
C:/Users/USER/Desktop/new/90_degrees\frame_20241203_143642_082.jpg,[[0.06684834 0.6966524  0.23649918]]
C:/Users/USER/Desktop/new/90_degrees\frame_20241203_143642_203.jpg,[[0.06306303 0.7028923  0.23404469]]
C:/Users/USER/Desktop/new/90_degrees\frame_20241203_143642_323.jpg,[[0.06454618 0.69825417 0.23719965]]
C:/Users/USER/Desktop/new/90_degrees\frame_20241203_143642_444.jpg,[[0.06590538 0.6920773  0.24201728]]
C:/Users/USER/Desktop/new/90_degrees\frame_20241203_143643_876.jpg,[[0.06673393 0.6684562  0.26480985]]
C:/Users/USER/Desktop/new/90_degrees\frame_20241203_143644_004.jpg,[[0.0670414  0.66757774 0.2653808 ]]
C:/Users/USER/Desktop/new/90_degrees\frame_20241203_143644_126.jpg,[[0.06306781 0.6853015  0.25163078]]
C:/Users/USER/Desktop/new/90_degrees\frame_20241203_143644_246.jpg,[[0.06623536 0.67372704 0.2600376 ]]
C:/Users/USER/Desktop/new/90_degrees\frame_20241203_143644_366.jpg,[[0.06574555 0.6727597  0.2614947 ]]
C:/Users/USER/Desktop/new/90_degrees\frame_20241203_143644_486.jpg,[[0.06602619 0.6622443  0.2717295 ]]
C:/Users/USER/Desktop/new/90_degrees\frame_20241203_143645_921.jpg,[[0.06652056 0.634452   0.29902744]]
C:/Users/USER/Desktop/new/90_degrees\frame_20241203_143646_041.jpg,[[0.06683019 0.6350718  0.2980979 ]]
C:/Users/USER/Desktop/new/90_degrees\frame_20241203_143646_162.jpg,[[0.06621961 0.6391852  0.29459515]]
C:/Users/USER/Desktop/new/90_degrees\frame_20241203_143646_282.jpg,[[0.0683638  0.6299776  0.30165866]]
C:/Users/USER/Desktop/new/90_degrees\frame_20241203_143646_402.jpg,[[0.06868184 0.6299038  0.30141434]]
C:/Users/USER/Desktop/new/90_degrees\frame_20241203_143646_522.jpg,[[0.06863759 0.62961864 0.30174375]]
C:/Users/USER/Desktop/new/90_degrees\frame_20241203_143646_642.jpg,[[0.06824306 0.6307192  0.30103776]]
C:/Users/USER/Desktop/new/90_degrees\frame_20241203_143646_762.jpg,[[0.06708189 0.6309803  0.3019378 ]]
C:/Users/USER/Desktop/new/90_degrees\frame_20241203_143648_195.jpg,[[0.06282926 0.6269555  0.31021526]]
C:/Users/USER/Desktop/new/90_degrees\frame_20241203_143648_316.jpg,[[0.0626056  0.6275241  0.30987036]]
C:/Users/USER/Desktop/new/90_degrees\frame_20241203_143648_435.jpg,[[0.06228289 0.62859267 0.30912444]]
C:/Users/USER/Desktop/new/90_degrees\frame_20241203_143648_556.jpg,[[0.06383733 0.6245632  0.31159943]]
C:/Users/USER/Desktop/new/90_degrees\frame_20241203_143648_675.jpg,[[0.06246321 0.62868464 0.30885223]]
C:/Users/USER/Desktop/new/90_degrees\frame_20241203_143648_794.jpg,[[0.06397278 0.62580657 0.3102207 ]]
C:/Users/USER/Desktop/new/90_degrees\frame_20241203_143648_914.jpg,[[0.06308009 0.62796247 0.3089574 ]]
C:/Users/USER/Desktop/new/90_degrees\frame_20241203_143649_034.jpg,[[0.06375942 0.6244807  0.31175992]]
C:/Users/USER/Desktop/new/90_degrees\frame_20241203_143650_568.jpg,[[0.06401486 0.6304731  0.30551204]]
C:/Users/USER/Desktop/new/90_degrees\frame_20241203_143650_689.jpg,[[0.06597062 0.6251969  0.3088325 ]]
C:/Users/USER/Desktop/new/90_degrees\frame_20241203_143650_810.jpg,[[0.06597997 0.6261227  0.30789727]]
C:/Users/USER/Desktop/new/90_degrees\frame_20241203_143650_930.jpg,[[0.06827204 0.62325263 0.30847526]]
C:/Users/USER/Desktop/new/90_degrees\frame_20241203_143651_050.jpg,[[0.06508395 0.6292493  0.30566674]]
C:/Users/USER/Desktop/new/90_degrees\frame_20241203_143651_170.jpg,[[0.06413881 0.6345842  0.30127698]]
C:/Users/USER/Desktop/new/90_degrees\frame_20241203_143651_290.jpg,[[0.0624574  0.6421765  0.29536605]]
C:/Users/USER/Desktop/new/90_degrees\frame_20241203_143651_411.jpg,[[0.06272365 0.64315546 0.29412088]]
C:/Users/USER/Desktop/new/90_degrees\frame_20241203_143651_530.jpg,[[0.06597555 0.64068085 0.29334363]]
C:/Users/USER/Desktop/new/90_degrees\frame_20241203_143651_650.jpg,[[0.06612931 0.6438494  0.2900213 ]]
C:/Users/USER/Desktop/new/90_degrees\frame_20241203_143651_770.jpg,[[0.06584781 0.648913   0.2852392 ]]
C:/Users/USER/Desktop/new/90_degrees\frame_20241203_143651_890.jpg,[[0.06226289 0.66266644 0.27507073]]
C:/Users/USER/Desktop/new/90_degrees\frame_20241203_143652_010.jpg,[[0.06130746 0.6684916  0.27020088]]
C:/Users/USER/Desktop/new/90_degrees\frame_20241203_143652_130.jpg,[[0.06442626 0.66403323 0.27154055]]
C:/Users/USER/Desktop/new/90_degrees\frame_20241203_143652_250.jpg,[[0.0651981  0.66397625 0.27082565]]
C:/Users/USER/Desktop/new/90_degrees\frame_20241203_143652_370.jpg,[[0.06609556 0.6649308  0.26897365]]
C:/Users/USER/Desktop/new/90_degrees\frame_20241203_143652_590.jpg,[[0.06918609 0.66691184 0.26390204]]
C:/Users/USER/Desktop/new/90_degrees\frame_20241203_143652_710.jpg,[[0.07251266 0.6633582  0.26412916]]
C:/Users/USER/Desktop/new/90_degrees\frame_20241203_143652_830.jpg,[[0.07251266 0.6633582  0.26412916]]
C:/Users/USER/Desktop/new/90_degrees\frame_20241203_143652_950.jpg,[[0.07092416 0.672731   0.25634488]]
C:/Users/USER/Desktop/new/90_degrees\frame_20241203_143653_069.jpg,[[0.07133599 0.67284685 0.2558171 ]]
C:/Users/USER/Desktop/new/90_degrees\frame_20241203_143653_189.jpg,[[0.07008373 0.67498255 0.25493377]]
C:/Users/USER/Desktop/new/90_degrees\frame_20241203_143653_308.jpg,[[0.07108992 0.6681251  0.26078495]]
C:/Users/USER/Desktop/new/90_degrees\frame_20241203_143653_434.jpg,[[0.06978688 0.6621154  0.26809773]]
C:/Users/USER/Desktop/new/90_degrees\frame_20241203_143653_553.jpg,[[0.07097756 0.6508814  0.27814102]]
C:/Users/USER/Desktop/new/90_degrees\frame_20241203_143653_673.jpg,[[0.07065414 0.6520636  0.27728224]]
C:/Users/USER/Desktop/new/90_degrees\frame_20241203_143653_792.jpg,[[0.07054995 0.6447057  0.28474438]]
C:/Users/USER/Desktop/new/90_degrees\frame_20241203_143653_913.jpg,[[0.06750187 0.64645076 0.2860474 ]]
C:/Users/USER/Desktop/new/90_degrees\frame_20241203_143654_033.jpg,[[0.06513967 0.64931697 0.2855433 ]]
C:/Users/USER/Desktop/new/90_degrees\frame_20241203_143655_666.jpg,[[0.06544935 0.68614274 0.24840796]]
C:/Users/USER/Desktop/new/90_degrees\frame_20241203_143655_787.jpg,[[0.06653717 0.6824992  0.25096363]]
C:/Users/USER/Desktop/new/90_degrees\frame_20241203_143656_918.jpg,[[0.06633766 0.68289316 0.25076926]]
C:/Users/USER/Desktop/new/90_degrees\frame_20241203_143657_039.jpg,[[0.06540692 0.68533117 0.24926199]]
C:/Users/USER/Desktop/new/90_degrees\frame_20241203_143657_160.jpg,[[0.06338774 0.69184417 0.24476807]]
C:/Users/USER/Desktop/new/90_degrees\frame_20241203_143657_281.jpg,[[0.06702695 0.67889684 0.2540762 ]]
C:/Users/USER/Desktop/new/90_degrees\frame_20241203_143657_404.jpg,[[0.06600358 0.6839825  0.25001398]]
C:/Users/USER/Desktop/new/90_degrees\frame_20241203_143657_524.jpg,[[0.06681328 0.6839801  0.24920668]]
C:/Users/USER/Desktop/new/90_degrees\frame_20241203_143657_645.jpg,[[0.0683323  0.6793915  0.25227618]]
C:/Users/USER/Desktop/new/90_degrees\frame_20241203_143658_977.jpg,[[0.07017419 0.644751   0.2850748 ]]
C:/Users/USER/Desktop/new/90_degrees\frame_20241203_143659_105.jpg,[[0.07002613 0.64569527 0.28427857]]
C:/Users/USER/Desktop/new/90_degrees\frame_20241203_143659_226.jpg,[[0.07000159 0.6480425  0.2819559 ]]
C:/Users/USER/Desktop/new/90_degrees\frame_20241203_143659_346.jpg,[[0.06977212 0.6461725  0.28405532]]
C:/Users/USER/Desktop/new/90_degrees\frame_20241203_143659_466.jpg,[[0.06724906 0.65493953 0.27781135]]
C:/Users/USER/Desktop/new/90_degrees\frame_20241203_143659_586.jpg,[[0.06459482 0.6648867  0.2705185 ]]
C:/Users/USER/Desktop/new/90_degrees\frame_20241203_143659_706.jpg,[[0.06459482 0.6648867  0.2705185 ]]
C:/Users/USER/Desktop/new/90_degrees\frame_20241203_143701_040.jpg,[[0.0640887  0.6653038  0.27060744]]
C:/Users/USER/Desktop/new/90_degrees\frame_20241203_143701_161.jpg,[[0.05785063 0.68081504 0.26133433]]
C:/Users/USER/Desktop/new/90_degrees\frame_20241203_143701_282.jpg,[[0.05582688 0.6885343  0.2556388 ]]
C:/Users/USER/Desktop/new/90_degrees\frame_20241203_143701_403.jpg,[[0.05845584 0.68218124 0.25936294]]
C:/Users/USER/Desktop/new/90_degrees\frame_20241203_143701_523.jpg,[[0.05655199 0.6873107  0.25613734]]
C:/Users/USER/Desktop/new/90_degrees\frame_20241203_143701_643.jpg,[[0.05493988 0.6975975  0.2474626 ]]
C:/Users/USER/Desktop/new/90_degrees\frame_20241203_143701_764.jpg,[[0.0544643  0.7037921  0.24174353]]
C:/Users/USER/Desktop/new/90_degrees\frame_20241203_143701_884.jpg,[[0.05384735 0.7118328  0.23431982]]
C:/Users/USER/Desktop/new/90_degrees\frame_20241203_143703_517.jpg,[[0.06722955 0.69368166 0.23908876]]
C:/Users/USER/Desktop/new/90_degrees\frame_20241203_143703_638.jpg,[[0.06672093 0.69510883 0.23817024]]
C:/Users/USER/Desktop/new/90_degrees\frame_20241203_143703_759.jpg,[[0.06518815 0.7018532  0.23295863]]
C:/Users/USER/Desktop/new/90_degrees\frame_20241203_143703_879.jpg,[[0.06749352 0.69464785 0.23785856]]
C:/Users/USER/Desktop/new/90_degrees\frame_20241203_143703_999.jpg,[[0.06925889 0.6896993  0.24104176]]
C:/Users/USER/Desktop/new/90_degrees\frame_20241203_143704_127.jpg,[[0.07236698 0.6826549  0.24497804]]
C:/Users/USER/Desktop/new/90_degrees\frame_20241203_143704_247.jpg,[[0.07559931 0.6769258  0.24747483]]
C:/Users/USER/Desktop/new/90_degrees\frame_20241203_143705_577.jpg,[[0.08979013 0.6372172  0.2729926 ]]
C:/Users/USER/Desktop/new/90_degrees\frame_20241203_143705_698.jpg,[[0.08899926 0.63808376 0.27291694]]
C:/Users/USER/Desktop/new/90_degrees\frame_20241203_143705_819.jpg,[[0.08630697 0.6456506  0.26804245]]
C:/Users/USER/Desktop/new/90_degrees\frame_20241203_143705_940.jpg,[[0.08719228 0.64425886 0.26854885]]
C:/Users/USER/Desktop/new/90_degrees\frame_20241203_143706_060.jpg,[[0.08478746 0.6517141  0.26349849]]
C:/Users/USER/Desktop/new/90_degrees\frame_20241203_143706_180.jpg,[[0.08528305 0.6535018  0.26121518]]
C:/Users/USER/Desktop/new/90_degrees\frame_20241203_143707_308.jpg,[[0.10248994 0.60470873 0.29280126]]
C:/Users/USER/Desktop/new/90_degrees\frame_20241203_143707_428.jpg,[[0.10534263 0.59733194 0.2973255 ]]
C:/Users/USER/Desktop/new/90_degrees\frame_20241203_143707_548.jpg,[[0.10532756 0.5949257  0.29974672]]
C:/Users/USER/Desktop/new/90_degrees\frame_20241203_143707_668.jpg,[[0.10528078 0.59702694 0.29769224]]
C:/Users/USER/Desktop/new/90_degrees\frame_20241203_143707_788.jpg,[[0.10647126 0.59824705 0.29528162]]
C:/Users/USER/Desktop/new/90_degrees\frame_20241203_143707_909.jpg,[[0.10982461 0.59177506 0.2984003 ]]
C:/Users/USER/Desktop/new/90_degrees\frame_20241203_143708_029.jpg,[[0.11095036 0.587782   0.30126756]]
C:/Users/USER/Desktop/new/90_degrees\frame_20241203_143713_895.jpg,[[0.09139132 0.6052301  0.30337864]]
C:/Users/USER/Desktop/new/90_degrees\frame_20241203_143714_016.jpg,[[0.0980079 0.5903487 0.3116434]]
C:/Users/USER/Desktop/new/90_degrees\frame_20241203_143714_137.jpg,[[0.08635348 0.61022115 0.3034254 ]]
C:/Users/USER/Desktop/new/90_degrees\frame_20241203_143714_258.jpg,[[0.09171128 0.60119087 0.30709782]]
C:/Users/USER/Desktop/new/90_degrees\frame_20241203_143714_379.jpg,[[0.09673572 0.58810383 0.31516054]]
C:/Users/USER/Desktop/new/90_degrees\frame_20241203_143734_391.jpg,[[0.07779964 0.6229763  0.29922408]]
C:/Users/USER/Desktop/new/90_degrees\frame_20241203_143734_512.jpg,[[0.07837592 0.6213468  0.30027735]]
C:/Users/USER/Desktop/new/90_degrees\frame_20241203_143734_640.jpg,[[0.07493684 0.6328258  0.2922374 ]]
C:/Users/USER/Desktop/new/90_degrees\frame_20241203_143734_761.jpg,[[0.07396086 0.6380726  0.28796646]]
C:/Users/USER/Desktop/new/90_degrees\frame_20241203_143734_882.jpg,[[0.07288358 0.6425253  0.2845911 ]]
C:/Users/USER/Desktop/new/90_degrees\frame_20241203_143735_003.jpg,[[0.07038703 0.65147114 0.2781419 ]]
C:/Users/USER/Desktop/new/90_degrees\frame_20241203_143735_124.jpg,[[0.06915088 0.654724   0.27612516]]
C:/Users/USER/Desktop/new/90_degrees\frame_20241203_143735_245.jpg,[[0.06652832 0.6662401  0.26723158]]
C:/Users/USER/Desktop/new/90_degrees\frame_20241203_143735_365.jpg,[[0.06723811 0.66978455 0.26297736]]
C:/Users/USER/Desktop/new/90_degrees\frame_20241203_143736_697.jpg,[[0.06112814 0.69077766 0.24809413]]
C:/Users/USER/Desktop/new/90_degrees\frame_20241203_143736_818.jpg,[[0.06194739 0.6894002  0.24865235]]
C:/Users/USER/Desktop/new/90_degrees\frame_20241203_143736_939.jpg,[[0.06078855 0.6908974  0.24831405]]
C:/Users/USER/Desktop/new/90_degrees\frame_20241203_143737_060.jpg,[[0.06403793 0.6855736  0.25038844]]
C:/Users/USER/Desktop/new/90_degrees\frame_20241203_143737_181.jpg,[[0.06357022 0.68539286 0.25103697]]
C:/Users/USER/Desktop/new/90_degrees\frame_20241203_143737_300.jpg,[[0.06178261 0.6848995  0.25331792]]
C:/Users/USER/Desktop/new/90_degrees\frame_20241203_143737_422.jpg,[[0.06214968 0.67726845 0.26058182]]
C:/Users/USER/Desktop/new/90_degrees\frame_20241203_143737_541.jpg,[[0.0655354  0.6616755  0.27278906]]
C:/Users/USER/Desktop/new/90_degrees\frame_20241203_143737_662.jpg,[[0.06974935 0.640792   0.28945872]]
C:/Users/USER/Desktop/new/90_degrees\frame_20241203_143737_782.jpg,[[0.07532002 0.62175095 0.30292898]]
C:/Users/USER/Desktop/new/90_degrees\frame_20241203_143737_902.jpg,[[0.07725584 0.6071598  0.31558445]]
C:/Users/USER/Desktop/new/90_degrees\frame_20241203_143739_233.jpg,[[0.07676768 0.6071884  0.31604394]]
C:/Users/USER/Desktop/new/90_degrees\frame_20241203_143739_355.jpg,[[0.08021636 0.59416556 0.32561803]]
C:/Users/USER/Desktop/new/90_degrees\frame_20241203_143739_576.jpg,[[0.07653268 0.6116247  0.3118426 ]]
C:/Users/USER/Desktop/new/90_degrees\frame_20241203_143739_807.jpg,[[0.0785615  0.60910654 0.31233194]]
C:/Users/USER/Desktop/new/90_degrees\frame_20241203_143739_926.jpg,[[0.08045585 0.60348463 0.3160595 ]]
C:/Users/USER/Desktop/new/90_degrees\frame_20241203_143741_458.jpg,[[0.11519776 0.5444863  0.34031603]]
C:/Users/USER/Desktop/new/90_degrees\frame_20241203_143752_234.jpg,[[0.08083835 0.6150675  0.30409417]]
C:/Users/USER/Desktop/new/90_degrees\frame_20241203_143752_355.jpg,[[0.07857209 0.621452   0.29997593]]
C:/Users/USER/Desktop/new/90_degrees\frame_20241203_143752_475.jpg,[[0.08032461 0.6209995  0.29867586]]
C:/Users/USER/Desktop/new/90_degrees\frame_20241203_143752_597.jpg,[[0.08244713 0.61578447 0.3017684 ]]
C:/Users/USER/Desktop/new/90_degrees\frame_20241203_143752_717.jpg,[[0.07936557 0.6199701  0.3006644 ]]
C:/Users/USER/Desktop/new/90_degrees\frame_20241203_143752_837.jpg,[[0.07926313 0.6165309  0.30420595]]
C:/Users/USER/Desktop/new/90_degrees\frame_20241203_143752_957.jpg,[[0.07918572 0.61768436 0.30312994]]
C:/Users/USER/Desktop/new/90_degrees\frame_20241203_143753_077.jpg,[[0.07918572 0.61768436 0.30312994]]
C:/Users/USER/Desktop/new/90_degrees\frame_20241203_143754_507.jpg,[[0.06941207 0.62063116 0.30995682]]
C:/Users/USER/Desktop/new/90_degrees\frame_20241203_143754_637.jpg,[[0.06991118 0.61891603 0.31117275]]
C:/Users/USER/Desktop/new/90_degrees\frame_20241203_143754_758.jpg,[[0.06747966 0.6253336  0.3071867 ]]
C:/Users/USER/Desktop/new/90_degrees\frame_20241203_143754_878.jpg,[[0.0683465  0.62064976 0.31100368]]
C:/Users/USER/Desktop/new/90_degrees\frame_20241203_143754_998.jpg,[[0.06749923 0.6223212  0.31017965]]
C:/Users/USER/Desktop/new/90_degrees\frame_20241203_143755_220.jpg,[[0.06894878 0.61826587 0.31278533]]
C:/Users/USER/Desktop/new/90_degrees\frame_20241203_143755_339.jpg,[[0.07279211 0.6089637  0.31824416]]
C:/Users/USER/Desktop/new/90_degrees\frame_20241203_143755_459.jpg,[[0.07859917 0.60207194 0.31932887]]
C:/Users/USER/Desktop/new/90_degrees\frame_20241203_143755_578.jpg,[[0.07859917 0.60207194 0.31932887]]
C:/Users/USER/Desktop/new/90_degrees\frame_20241203_143755_699.jpg,[[0.08130378 0.6033408  0.3153554 ]]
C:/Users/USER/Desktop/new/90_degrees\frame_20241203_143803_581.jpg,[[0.15977165 0.4829753  0.35725304]]
C:/Users/USER/Desktop/new/90_degrees\frame_20241203_143803_803.jpg,[[0.15773122 0.4869154  0.3553534 ]]
C:/Users/USER/Desktop/new/90_degrees\frame_20241203_143804_024.jpg,[[0.16321057 0.48245248 0.3543369 ]]
C:/Users/USER/Desktop/new/90_degrees\frame_20241203_143816_188.jpg,[[0.06175855 0.6262882  0.31195328]]
C:/Users/USER/Desktop/new/90_degrees\frame_20241203_143816_310.jpg,[[0.06176937 0.62647    0.31176063]]
C:/Users/USER/Desktop/new/90_degrees\frame_20241203_143816_432.jpg,[[0.05998051 0.6317418  0.30827764]]
C:/Users/USER/Desktop/new/90_degrees\frame_20241203_143816_555.jpg,[[0.06124369 0.6368883  0.301868  ]]
C:/Users/USER/Desktop/new/90_degrees\frame_20241203_143816_775.jpg,[[0.06061251 0.6445444  0.2948431 ]]
C:/Users/USER/Desktop/new/90_degrees\frame_20241203_143816_996.jpg,[[0.0575436 0.6652176 0.2772388]]
C:/Users/USER/Desktop/new/90_degrees\frame_20241203_143817_823.jpg,[[0.03773864 0.78257114 0.17969023]]
C:/Users/USER/Desktop/new/90_degrees\frame_20241203_143817_943.jpg,[[0.0397572  0.7723447  0.18789813]]
C:/Users/USER/Desktop/new/90_degrees\frame_20241203_143818_063.jpg,[[0.04021398 0.7696487  0.19013731]]
C:/Users/USER/Desktop/new/90_degrees\frame_20241203_143822_764.jpg,[[0.09091897 0.61587375 0.29320726]]
C:/Users/USER/Desktop/new/90_degrees\frame_20241203_143822_886.jpg,[[0.08984092 0.61832666 0.29183236]]
C:/Users/USER/Desktop/new/90_degrees\frame_20241203_143823_008.jpg,[[0.0850333  0.63494426 0.2800224 ]]
C:/Users/USER/Desktop/new/90_degrees\frame_20241203_143823_129.jpg,[[0.08297039 0.6441094  0.27292016]]
C:/Users/USER/Desktop/new/90_degrees\frame_20241203_143823_250.jpg,[[0.08343382 0.640193   0.2763732 ]]
C:/Users/USER/Desktop/new/90_degrees\frame_20241203_143823_370.jpg,[[0.08646943 0.6305749  0.28295565]]
C:/Users/USER/Desktop/new/90_degrees\frame_20241203_143823_490.jpg,[[0.08854413 0.615633   0.2958229 ]]
C:/Users/USER/Desktop/new/90_degrees\frame_20241203_143823_711.jpg,[[0.08720503 0.59104025 0.32175478]]
C:/Users/USER/Desktop/new/90_degrees\frame_20241203_143823_830.jpg,[[0.08211975 0.5884472  0.32943305]]
C:/Users/USER/Desktop/new/90_degrees\frame_20241203_143823_952.jpg,[[0.08227202 0.58624667 0.3314813 ]]
C:/Users/USER/Desktop/new/90_degrees\frame_20241203_143824_979.jpg,[[0.07984839 0.6048976  0.3152539 ]]
C:/Users/USER/Desktop/new/90_degrees\frame_20241203_143825_200.jpg,[[0.08023638 0.60677373 0.3129899 ]]
C:/Users/USER/Desktop/new/90_degrees\frame_20241203_143825_421.jpg,[[0.08539151 0.6001122  0.31449637]]
C:/Users/USER/Desktop/new/90_degrees\frame_20241203_143825_541.jpg,[[0.08075515 0.60929435 0.30995053]]
C:/Users/USER/Desktop/new/90_degrees\frame_20241203_143825_660.jpg,[[0.07965844 0.6132832  0.30705836]]
C:/Users/USER/Desktop/new/90_degrees\frame_20241203_143825_781.jpg,[[0.07920428 0.61513364 0.30566213]]
C:/Users/USER/Desktop/new/90_degrees\frame_20241203_143825_901.jpg,[[0.08100478 0.6142836  0.30471158]]
C:/Users/USER/Desktop/new/90_degrees\frame_20241203_143826_727.jpg,[[0.09614077 0.60173565 0.30212352]]
C:/Users/USER/Desktop/new/90_degrees\frame_20241203_143829_007.jpg,[[0.09224239 0.5783861  0.32937154]]
C:/Users/USER/Desktop/new/90_degrees\frame_20241203_143829_127.jpg,[[0.09197716 0.5786535  0.3293693 ]]
C:/Users/USER/Desktop/new/90_degrees\frame_20241203_143829_249.jpg,[[0.09354087 0.5733419  0.33311725]]
C:/Users/USER/Desktop/new/90_degrees\frame_20241203_143829_369.jpg,[[0.09115045 0.57773983 0.3311097 ]]
C:/Users/USER/Desktop/new/90_degrees\frame_20241203_143829_489.jpg,[[0.09287008 0.5749617  0.33216822]]
C:/Users/USER/Desktop/new/90_degrees\frame_20241203_143829_608.jpg,[[0.09324991 0.5722379  0.33451214]]
C:/Users/USER/Desktop/new/90_degrees\frame_20241203_143829_729.jpg,[[0.09102196 0.57302713 0.335951  ]]
C:/Users/USER/Desktop/new/90_degrees\frame_20241203_143829_950.jpg,[[0.09078163 0.5707949  0.33842352]]
C:/Users/USER/Desktop/new/90_degrees\frame_20241203_143830_072.jpg,[[0.09111805 0.5699673  0.3389147 ]]
C:/Users/USER/Desktop/new/90_degrees\frame_20241203_143830_192.jpg,[[0.09268817 0.5695005  0.33781135]]
C:/Users/USER/Desktop/new/90_degrees\frame_20241203_143831_826.jpg,[[0.08675035 0.619503   0.29374665]]
C:/Users/USER/Desktop/new/90_degrees\frame_20241203_143831_954.jpg,[[0.08533365 0.61919737 0.295469  ]]
C:/Users/USER/Desktop/new/90_degrees\frame_20241203_143832_076.jpg,[[0.08533365 0.61919737 0.295469  ]]
C:/Users/USER/Desktop/new/90_degrees\frame_20241203_143832_198.jpg,[[0.08831178 0.61486375 0.29682449]]
C:/Users/USER/Desktop/new/90_degrees\frame_20241203_143832_319.jpg,[[0.08756412 0.6025749  0.309861  ]]
C:/Users/USER/Desktop/new/90_degrees\frame_20241203_143832_439.jpg,[[0.09396653 0.5740501  0.33198342]]
C:/Users/USER/Desktop/new/90_degrees\frame_20241203_143832_559.jpg,[[0.09682626 0.5597386  0.34343517]]
C:/Users/USER/Desktop/new/90_degrees\frame_20241203_143832_679.jpg,[[0.09919696 0.5503211  0.350482  ]]
C:/Users/USER/Desktop/new/90_degrees\frame_20241203_143834_413.jpg,[[0.1061113  0.53627574 0.35761297]]
C:/Users/USER/Desktop/new/90_degrees\frame_20241203_143834_538.jpg,[[0.10617358 0.5359653  0.35786107]]
C:/Users/USER/Desktop/new/90_degrees\frame_20241203_143834_661.jpg,[[0.09892324 0.55396986 0.34710696]]
C:/Users/USER/Desktop/new/90_degrees\frame_20241203_143834_783.jpg,[[0.10073452 0.55123824 0.3480273 ]]
C:/Users/USER/Desktop/new/90_degrees\frame_20241203_143834_904.jpg,[[0.0996462  0.55747604 0.34287775]]
C:/Users/USER/Desktop/new/90_degrees\frame_20241203_143835_025.jpg,[[0.09962416 0.5611208  0.33925506]]
C:/Users/USER/Desktop/new/90_degrees\frame_20241203_143835_146.jpg,[[0.09803843 0.5676233  0.33433822]]
C:/Users/USER/Desktop/new/90_degrees\frame_20241203_143835_266.jpg,[[0.09925721 0.57203853 0.32870427]]
C:/Users/USER/Desktop/new/90_degrees\frame_20241203_143839_183.jpg,[[0.09281013 0.61566556 0.29152438]]
C:/Users/USER/Desktop/new/90_degrees\frame_20241203_143839_304.jpg,[[0.092713   0.61359084 0.2936962 ]]
C:/Users/USER/Desktop/new/90_degrees\frame_20241203_143839_426.jpg,[[0.09220579 0.6134373  0.2943569 ]]
C:/Users/USER/Desktop/new/90_degrees\frame_20241203_143839_546.jpg,[[0.09298369 0.6203975  0.28661883]]
C:/Users/USER/Desktop/new/90_degrees\frame_20241203_143839_666.jpg,[[0.09241121 0.631444   0.27614486]]
C:/Users/USER/Desktop/new/90_degrees\frame_20241203_143841_399.jpg,[[0.08179915 0.6790696  0.23913132]]
C:/Users/USER/Desktop/new/90_degrees\frame_20241203_143841_521.jpg,[[0.08646855 0.66604006 0.24749142]]
C:/Users/USER/Desktop/new/90_degrees\frame_20241203_143841_642.jpg,[[0.08101817 0.6822122  0.23676963]]
C:/Users/USER/Desktop/new/90_degrees\frame_20241203_143841_764.jpg,[[0.08458035 0.6805556  0.23486403]]
C:/Users/USER/Desktop/new/90_degrees\frame_20241203_143841_884.jpg,[[0.0824021  0.6904633  0.22713459]]
C:/Users/USER/Desktop/new/90_degrees\frame_20241203_143842_004.jpg,[[0.08255218 0.6913956  0.22605225]]
C:/Users/USER/Desktop/new/90_degrees\frame_20241203_143842_131.jpg,[[0.08333613 0.68951696 0.22714694]]
C:/Users/USER/Desktop/new/90_degrees\frame_20241203_143842_251.jpg,[[0.08334239 0.693756   0.22290163]]
C:/Users/USER/Desktop/new/90_degrees\frame_20241203_143843_076.jpg,[[0.07055402 0.6945512  0.23489468]]
C:/Users/USER/Desktop/new/90_degrees\frame_20241203_143843_196.jpg,[[0.07055402 0.6945512  0.23489468]]
C:/Users/USER/Desktop/new/90_degrees\frame_20241203_143843_319.jpg,[[0.07199202 0.68906784 0.2389401 ]]
C:/Users/USER/Desktop/new/90_degrees\frame_20241203_143843_442.jpg,[[0.07201549 0.6878618  0.2401227 ]]
C:/Users/USER/Desktop/new/90_degrees\frame_20241203_143843_563.jpg,[[0.07023074 0.6954662  0.234303  ]]
C:/Users/USER/Desktop/new/90_degrees\frame_20241203_143843_685.jpg,[[0.0679931  0.703403   0.22860388]]
C:/Users/USER/Desktop/new/90_degrees\frame_20241203_143843_805.jpg,[[0.06777268 0.70807046 0.22415686]]
C:/Users/USER/Desktop/new/90_degrees\frame_20241203_143843_925.jpg,[[0.06618347 0.71236455 0.22145194]]
C:/Users/USER/Desktop/new/90_degrees\frame_20241203_143845_760.jpg,[[0.05868439 0.71233124 0.22898431]]
C:/Users/USER/Desktop/new/90_degrees\frame_20241203_143845_881.jpg,[[0.05672707 0.7159481  0.22732484]]
C:/Users/USER/Desktop/new/90_degrees\frame_20241203_143846_002.jpg,[[0.05232828 0.7321657  0.21550609]]
C:/Users/USER/Desktop/new/90_degrees\frame_20241203_143846_123.jpg,[[0.05312029 0.7307493  0.21613042]]
C:/Users/USER/Desktop/new/90_degrees\frame_20241203_143846_243.jpg,[[0.05402616 0.72994024 0.21603362]]
C:/Users/USER/Desktop/new/90_degrees\frame_20241203_143847_170.jpg,[[0.07382986 0.63999176 0.28617838]]
C:/Users/USER/Desktop/new/90_degrees\frame_20241203_143847_296.jpg,[[0.07538817 0.63113934 0.29347244]]
C:/Users/USER/Desktop/new/90_degrees\frame_20241203_143847_417.jpg,[[0.0745653  0.63501096 0.2904237 ]]
C:/Users/USER/Desktop/new/90_degrees\frame_20241203_143847_537.jpg,[[0.07632029 0.6299716  0.29370812]]
C:/Users/USER/Desktop/new/90_degrees\frame_20241203_143847_658.jpg,[[0.07749537 0.6270516  0.295453  ]]
C:/Users/USER/Desktop/new/90_degrees\frame_20241203_143847_778.jpg,[[0.07633951 0.6300352  0.29362524]]
C:/Users/USER/Desktop/new/90_degrees\frame_20241203_143847_899.jpg,[[0.07306293 0.63758445 0.2893526 ]]
C:/Users/USER/Desktop/new/90_degrees\frame_20241203_143848_828.jpg,[[0.06179556 0.6737338  0.26447067]]
C:/Users/USER/Desktop/new/90_degrees\frame_20241203_143848_948.jpg,[[0.06179556 0.6737338  0.26447067]]
C:/Users/USER/Desktop/new/90_degrees\frame_20241203_143849_068.jpg,[[0.06456716 0.6640682  0.2713646 ]]
C:/Users/USER/Desktop/new/90_degrees\frame_20241203_143849_291.jpg,[[0.06442762 0.67211044 0.2634619 ]]
C:/Users/USER/Desktop/new/90_degrees\frame_20241203_143849_512.jpg,[[0.06594287 0.665564   0.26849318]]
C:/Users/USER/Desktop/new/90_degrees\frame_20241203_143855_545.jpg,[[0.07571208 0.63667196 0.28761598]]
C:/Users/USER/Desktop/new/90_degrees\frame_20241203_143855_665.jpg,[[0.07843822 0.62712795 0.29443383]]
C:/Users/USER/Desktop/new/90_degrees\frame_20241203_143855_785.jpg,[[0.07732321 0.63050246 0.29217428]]
C:/Users/USER/Desktop/new/90_degrees\frame_20241203_143855_906.jpg,[[0.07449982 0.6437316  0.28176856]]
C:/Users/USER/Desktop/new/90_degrees\frame_20241203_143856_026.jpg,[[0.07428627 0.6471111  0.27860263]]
C:/Users/USER/Desktop/new/90_degrees\frame_20241203_143856_147.jpg,[[0.07372683 0.6509483  0.27532482]]
C:/Users/USER/Desktop/new/90_degrees\frame_20241203_143856_267.jpg,[[0.07172239 0.65842    0.26985756]]
C:/Users/USER/Desktop/new/90_degrees\frame_20241203_143856_387.jpg,[[0.07214206 0.6616725  0.26618543]]
C:/Users/USER/Desktop/new/90_degrees\frame_20241203_143856_506.jpg,[[0.07109749 0.6694142  0.25948834]]
C:/Users/USER/Desktop/new/90_degrees\frame_20241203_143856_627.jpg,[[0.07035262 0.6735492  0.25609812]]
C:/Users/USER/Desktop/new/90_degrees\frame_20241203_143856_746.jpg,[[0.0711436 0.6754174 0.253439 ]]
C:/Users/USER/Desktop/new/90_degrees\frame_20241203_143857_876.jpg,[[0.08802138 0.64295816 0.26902044]]
C:/Users/USER/Desktop/new/90_degrees\frame_20241203_143857_996.jpg,[[0.08849929 0.6424498  0.26905102]]
C:/Users/USER/Desktop/new/90_degrees\frame_20241203_143858_119.jpg,[[0.08331779 0.6637672  0.25291494]]
C:/Users/USER/Desktop/new/90_degrees\frame_20241203_143858_239.jpg,[[0.08364404 0.6636594  0.25269657]]
C:/Users/USER/Desktop/new/90_degrees\frame_20241203_143858_360.jpg,[[0.08723547 0.65527254 0.25749192]]
C:/Users/USER/Desktop/new/90_degrees\frame_20241203_143858_480.jpg,[[0.09241778 0.6438591  0.26372316]]
C:/Users/USER/Desktop/new/90_degrees\frame_20241203_143858_600.jpg,[[0.09910981 0.62975526 0.27113488]]
C:/Users/USER/Desktop/new/90_degrees\frame_20241203_143858_719.jpg,[[0.1082462  0.6118071  0.27994674]]
C:/Users/USER/Desktop/new/90_degrees\frame_20241203_143858_840.jpg,[[0.12129632 0.5837083  0.29499543]]
C:/Users/USER/Desktop/new/90_degrees\frame_20241203_143858_959.jpg,[[0.12893936 0.5611645  0.3098961 ]]
C:/Users/USER/Desktop/new/90_degrees\frame_20241203_143911_796.jpg,[[0.1202886 0.5219288 0.3577826]]
C:/Users/USER/Desktop/new/90_degrees\frame_20241203_143911_918.jpg,[[0.12071911 0.52200717 0.35727376]]
C:/Users/USER/Desktop/new/90_degrees\frame_20241203_143912_040.jpg,[[0.11263353 0.54040587 0.34696063]]
C:/Users/USER/Desktop/new/90_degrees\frame_20241203_143912_161.jpg,[[0.11678893 0.5307951  0.35241595]]
C:/Users/USER/Desktop/new/90_degrees\frame_20241203_143912_282.jpg,[[0.11632935 0.5307512  0.3529194 ]]
C:/Users/USER/Desktop/new/90_degrees\frame_20241203_143912_403.jpg,[[0.11554369 0.5303854  0.3540709 ]]
C:/Users/USER/Desktop/new/90_degrees\frame_20241203_143912_524.jpg,[[0.10796698 0.5405603  0.3514727 ]]
C:/Users/USER/Desktop/new/90_degrees\frame_20241203_143912_645.jpg,[[0.10577137 0.54320145 0.35102722]]
C:/Users/USER/Desktop/new/90_degrees\frame_20241203_143912_765.jpg,[[0.10667701 0.5424303  0.35089278]]
C:/Users/USER/Desktop/new/90_degrees\frame_20241203_143914_703.jpg,[[0.10605587 0.5810825  0.3128616 ]]
C:/Users/USER/Desktop/new/90_degrees\frame_20241203_143914_826.jpg,[[0.10692408 0.5776652  0.31541076]]
C:/Users/USER/Desktop/new/90_degrees\frame_20241203_143914_947.jpg,[[0.10692408 0.5776652  0.31541076]]
C:/Users/USER/Desktop/new/90_degrees\frame_20241203_143915_069.jpg,[[0.10476747 0.58845276 0.3067798 ]]
C:/Users/USER/Desktop/new/90_degrees\frame_20241203_143915_191.jpg,[[0.10650554 0.587767   0.30572745]]
C:/Users/USER/Desktop/new/90_degrees\frame_20241203_143915_413.jpg,[[0.11693837 0.5594303  0.3236313 ]]
C:/Users/USER/Desktop/new/90_degrees\frame_20241203_143916_743.jpg,[[0.17570116 0.4179055  0.40639335]]
C:/Users/USER/Desktop/new/90_degrees\frame_20241203_143925_983.jpg,[[0.08405402 0.5910632  0.32488284]]
C:/Users/USER/Desktop/new/90_degrees\frame_20241203_143926_108.jpg,[[0.09332431 0.56852883 0.3381469 ]]
C:/Users/USER/Desktop/new/90_degrees\frame_20241203_143926_230.jpg,[[0.0871923  0.58564544 0.3271623 ]]
C:/Users/USER/Desktop/new/90_degrees\frame_20241203_143926_351.jpg,[[0.08545981 0.587968   0.3265722 ]]
C:/Users/USER/Desktop/new/90_degrees\frame_20241203_143926_471.jpg,[[0.08190802 0.59317976 0.32491216]]
C:/Users/USER/Desktop/new/90_degrees\frame_20241203_143926_593.jpg,[[0.0778054 0.600838  0.3213566]]
C:/Users/USER/Desktop/new/90_degrees\frame_20241203_143926_714.jpg,[[0.07704405 0.60205364 0.3209023 ]]
C:/Users/USER/Desktop/new/90_degrees\frame_20241203_143926_835.jpg,[[0.07806059 0.60384715 0.31809223]]
C:/Users/USER/Desktop/new/90_degrees\frame_20241203_143926_955.jpg,[[0.07595013 0.6087702  0.3152797 ]]
C:/Users/USER/Desktop/new/90_degrees\frame_20241203_143927_075.jpg,[[0.07595013 0.6087702  0.3152797 ]]
C:/Users/USER/Desktop/new/90_degrees\frame_20241203_143928_306.jpg,[[0.08129676 0.5913028  0.32740048]]
C:/Users/USER/Desktop/new/90_degrees\frame_20241203_143928_427.jpg,[[0.08120027 0.5913605  0.32743922]]
C:/Users/USER/Desktop/new/90_degrees\frame_20241203_143928_548.jpg,[[0.07846358 0.59870696 0.3228295 ]]
C:/Users/USER/Desktop/new/90_degrees\frame_20241203_143928_669.jpg,[[0.0818365  0.59723455 0.32092905]]
C:/Users/USER/Desktop/new/90_degrees\frame_20241203_143928_790.jpg,[[0.0792739 0.6030153 0.3177108]]
C:/Users/USER/Desktop/new/90_degrees\frame_20241203_143928_911.jpg,[[0.08108211 0.6014444  0.3174735 ]]
C:/Users/USER/Desktop/new/90_degrees\frame_20241203_143929_032.jpg,[[0.07835026 0.6124495  0.3092002 ]]
C:/Users/USER/Desktop/new/90_degrees\frame_20241203_143929_254.jpg,[[0.07589614 0.62418365 0.2999201 ]]
C:/Users/USER/Desktop/new/90_degrees\frame_20241203_143929_377.jpg,[[0.07859535 0.6227704  0.29863426]]
C:/Users/USER/Desktop/new/90_degrees\frame_20241203_143929_500.jpg,[[0.08147743 0.61536485 0.30315778]]
C:/Users/USER/Desktop/new/90_degrees\frame_20241203_143930_429.jpg,[[0.07822321 0.6089583  0.3128185 ]]
C:/Users/USER/Desktop/new/90_degrees\frame_20241203_143930_550.jpg,[[0.0781726  0.60796034 0.31386697]]
C:/Users/USER/Desktop/new/90_degrees\frame_20241203_143930_670.jpg,[[0.0771165  0.6114329  0.31145054]]
C:/Users/USER/Desktop/new/90_degrees\frame_20241203_143930_791.jpg,[[0.07826713 0.6116593  0.31007358]]
C:/Users/USER/Desktop/new/90_degrees\frame_20241203_143930_911.jpg,[[0.07640878 0.6109052  0.312686  ]]
C:/Users/USER/Desktop/new/90_degrees\frame_20241203_143931_032.jpg,[[0.07705501 0.61104125 0.31190374]]
C:/Users/USER/Desktop/new/90_degrees\frame_20241203_143931_157.jpg,[[0.0754407 0.6147428 0.3098165]]
C:/Users/USER/Desktop/new/90_degrees\frame_20241203_143931_278.jpg,[[0.07364075 0.6202675  0.3060918 ]]
C:/Users/USER/Desktop/new/90_degrees\frame_20241203_143931_398.jpg,[[0.07395667 0.617776   0.3082674 ]]
C:/Users/USER/Desktop/new/90_degrees\frame_20241203_143931_519.jpg,[[0.07592028 0.6080521  0.31602764]]
C:/Users/USER/Desktop/new/90_degrees\frame_20241203_143931_739.jpg,[[0.08377323 0.5838032  0.33242366]]
C:/Users/USER/Desktop/new/90_degrees\frame_20241203_143931_859.jpg,[[0.08980156 0.5704309  0.33976752]]
C:/Users/USER/Desktop/new/90_degrees\frame_20241203_143931_979.jpg,[[0.09417497 0.5637469  0.34207818]]
C:/Users/USER/Desktop/new/90_degrees\frame_20241203_143932_203.jpg,[[0.10478628 0.561557   0.33365673]]
C:/Users/USER/Desktop/new/90_degrees\frame_20241203_143932_322.jpg,[[0.10478628 0.561557   0.33365673]]
C:/Users/USER/Desktop/new/90_degrees\frame_20241203_143932_442.jpg,[[0.10756693 0.5711883  0.3212448 ]]
C:/Users/USER/Desktop/new/90_degrees\frame_20241203_143932_562.jpg,[[0.10598161 0.5860686  0.30794984]]
C:/Users/USER/Desktop/new/90_degrees\frame_20241203_143932_784.jpg,[[0.10122355 0.60511583 0.2936606 ]]
C:/Users/USER/Desktop/new/90_degrees\frame_20241203_143932_904.jpg,[[0.09545384 0.6240752  0.280471  ]]
C:/Users/USER/Desktop/new/90_degrees\frame_20241203_143933_025.jpg,[[0.09162639 0.6371244  0.27124918]]
C:/Users/USER/Desktop/new/90_degrees\frame_20241203_143933_145.jpg,[[0.09511125 0.61817724 0.28671148]]
C:/Users/USER/Desktop/new/90_degrees\frame_20241203_143933_266.jpg,[[0.08394454 0.6494382  0.26661727]]
C:/Users/USER/Desktop/new/90_degrees\frame_20241203_143933_386.jpg,[[0.0784056  0.6535056  0.26808876]]
C:/Users/USER/Desktop/new/90_degrees\frame_20241203_143933_506.jpg,[[0.07679982 0.65503544 0.26816475]]
C:/Users/USER/Desktop/new/90_degrees\frame_20241203_143933_626.jpg,[[0.06926107 0.66867286 0.2620661 ]]
C:/Users/USER/Desktop/new/90_degrees\frame_20241203_143933_847.jpg,[[0.05905793 0.6714207  0.2695214 ]]
C:/Users/USER/Desktop/new/90_degrees\frame_20241203_143933_969.jpg,[[0.05584196 0.6642441  0.27991393]]
C:/Users/USER/Desktop/new/90_degrees\frame_20241203_143934_091.jpg,[[0.0594175 0.6465888 0.2939937]]
C:/Users/USER/Desktop/new/90_degrees\frame_20241203_143934_312.jpg,[[0.05953292 0.6379689  0.30249828]]
C:/Users/USER/Desktop/new/90_degrees\frame_20241203_143934_433.jpg,[[0.06690463 0.6177909  0.31530446]]
C:/Users/USER/Desktop/new/90_degrees\frame_20241203_143934_654.jpg,[[0.07720365 0.5974129  0.3253834 ]]
C:/Users/USER/Desktop/new/90_degrees\frame_20241203_143934_774.jpg,[[0.08499584 0.5947272  0.320277  ]]
C:/Users/USER/Desktop/new/90_degrees\frame_20241203_143934_894.jpg,[[0.09332093 0.5764909  0.33018818]]
C:/Users/USER/Desktop/new/90_degrees\frame_20241203_143935_015.jpg,[[0.12451813 0.5068314  0.36865044]]
C:/Users/USER/Desktop/new/90_degrees\frame_20241203_143935_135.jpg,[[0.12543993 0.52550113 0.34905893]]
C:/Users/USER/Desktop/new/135_degrees\frame_20241203_143535_769.jpg,[[0.1417512  0.49581215 0.3624367 ]]
C:/Users/USER/Desktop/new/135_degrees\frame_20241203_143535_891.jpg,[[0.14028025 0.5030838  0.35663593]]
C:/Users/USER/Desktop/new/135_degrees\frame_20241203_143536_013.jpg,[[0.13436179 0.5139203  0.35171786]]
C:/Users/USER/Desktop/new/135_degrees\frame_20241203_143536_134.jpg,[[0.13431892 0.5158288  0.34985226]]
C:/Users/USER/Desktop/new/135_degrees\frame_20241203_143536_254.jpg,[[0.13472584 0.5187513  0.34652287]]
C:/Users/USER/Desktop/new/135_degrees\frame_20241203_143536_375.jpg,[[0.13028017 0.5342381  0.33548176]]
C:/Users/USER/Desktop/new/135_degrees\frame_20241203_143537_606.jpg,[[0.11172356 0.58425653 0.30401993]]
C:/Users/USER/Desktop/new/135_degrees\frame_20241203_143537_728.jpg,[[0.11217475 0.58351266 0.3043126 ]]
C:/Users/USER/Desktop/new/135_degrees\frame_20241203_143537_850.jpg,[[0.11143108 0.6062873  0.28228164]]
C:/Users/USER/Desktop/new/135_degrees\frame_20241203_143537_972.jpg,[[0.10613394 0.6182658  0.27560028]]
C:/Users/USER/Desktop/new/135_degrees\frame_20241203_143538_101.jpg,[[0.11122997 0.61246425 0.27630574]]
C:/Users/USER/Desktop/new/135_degrees\frame_20241203_143538_223.jpg,[[0.10833327 0.61546755 0.27619916]]
C:/Users/USER/Desktop/new/135_degrees\frame_20241203_143538_345.jpg,[[0.10456788 0.62336874 0.2720634 ]]
C:/Users/USER/Desktop/new/135_degrees\frame_20241203_143538_466.jpg,[[0.10118734 0.62744945 0.2713631 ]]
C:/Users/USER/Desktop/new/135_degrees\frame_20241203_143539_800.jpg,[[0.10155737 0.60174704 0.2966955 ]]
C:/Users/USER/Desktop/new/135_degrees\frame_20241203_143539_922.jpg,[[0.1009346  0.6024217  0.29664364]]
C:/Users/USER/Desktop/new/135_degrees\frame_20241203_143540_043.jpg,[[0.09616433 0.61489457 0.28894112]]
C:/Users/USER/Desktop/new/135_degrees\frame_20241203_143540_164.jpg,[[0.10072622 0.6088115  0.29046232]]
C:/Users/USER/Desktop/new/135_degrees\frame_20241203_143540_285.jpg,[[0.09852126 0.6121258  0.28935292]]
C:/Users/USER/Desktop/new/135_degrees\frame_20241203_143540_405.jpg,[[0.09785243 0.6122018  0.2899458 ]]
C:/Users/USER/Desktop/new/135_degrees\frame_20241203_143540_525.jpg,[[0.09653221 0.61354095 0.28992683]]
C:/Users/USER/Desktop/new/135_degrees\frame_20241203_143544_925.jpg,[[0.12921023 0.51733214 0.35345766]]
C:/Users/USER/Desktop/new/135_degrees\frame_20241203_143545_047.jpg,[[0.12729678 0.51623607 0.35646713]]
C:/Users/USER/Desktop/new/135_degrees\frame_20241203_143545_169.jpg,[[0.11894052 0.53173655 0.34932292]]
C:/Users/USER/Desktop/new/135_degrees\frame_20241203_143545_290.jpg,[[0.12227904 0.53234345 0.34537748]]
C:/Users/USER/Desktop/new/135_degrees\frame_20241203_143545_411.jpg,[[0.12330638 0.5333121  0.34338152]]
C:/Users/USER/Desktop/new/135_degrees\frame_20241203_143545_531.jpg,[[0.12216102 0.53905344 0.33878553]]
C:/Users/USER/Desktop/new/135_degrees\frame_20241203_143545_652.jpg,[[0.11976667 0.5479909  0.33224243]]
C:/Users/USER/Desktop/new/135_degrees\frame_20241203_143545_773.jpg,[[0.11821255 0.55245304 0.32933438]]
C:/Users/USER/Desktop/new/135_degrees\frame_20241203_143716_317.jpg,[[0.16623615 0.46005338 0.3737105 ]]
C:/Users/USER/Desktop/new/135_degrees\frame_20241203_143716_438.jpg,[[0.16872886 0.45005885 0.3812123 ]]
C:/Users/USER/Desktop/new/135_degrees\frame_20241203_143716_561.jpg,[[0.16196744 0.45898008 0.37905255]]
C:/Users/USER/Desktop/new/135_degrees\frame_20241203_143716_681.jpg,[[0.16554032 0.460641   0.3738186 ]]
C:/Users/USER/Desktop/new/135_degrees\frame_20241203_143716_802.jpg,[[0.16273563 0.46264282 0.3746216 ]]
C:/Users/USER/Desktop/new/135_degrees\frame_20241203_143716_922.jpg,[[0.16298732 0.46316934 0.37384337]]
C:/Users/USER/Desktop/new/135_degrees\frame_20241203_143717_042.jpg,[[0.16156982 0.46934912 0.3690811 ]]
C:/Users/USER/Desktop/new/135_degrees\frame_20241203_143717_163.jpg,[[0.1621765  0.47062397 0.3671995 ]]
C:/Users/USER/Desktop/new/135_degrees\frame_20241203_143717_284.jpg,[[0.15699182 0.47731858 0.36568958]]
C:/Users/USER/Desktop/new/135_degrees\frame_20241203_143717_405.jpg,[[0.15681286 0.47753218 0.36565495]]
C:/Users/USER/Desktop/new/135_degrees\frame_20241203_143717_526.jpg,[[0.16001815 0.47439927 0.36558256]]
C:/Users/USER/Desktop/new/135_degrees\frame_20241203_143717_646.jpg,[[0.15930721 0.4827048  0.357988  ]]
C:/Users/USER/Desktop/new/135_degrees\frame_20241203_143717_767.jpg,[[0.15890154 0.48986116 0.35123727]]
C:/Users/USER/Desktop/new/135_degrees\frame_20241203_143719_300.jpg,[[0.1556363  0.50670284 0.33766082]]
C:/Users/USER/Desktop/new/135_degrees\frame_20241203_143719_422.jpg,[[0.14473836 0.5261199  0.32914177]]
C:/Users/USER/Desktop/new/135_degrees\frame_20241203_143719_542.jpg,[[0.1478121  0.51993304 0.33225486]]
C:/Users/USER/Desktop/new/135_degrees\frame_20241203_143719_663.jpg,[[0.14988048 0.5161807  0.3339389 ]]
C:/Users/USER/Desktop/new/135_degrees\frame_20241203_143719_783.jpg,[[0.14848131 0.52022535 0.33129334]]
C:/Users/USER/Desktop/new/135_degrees\frame_20241203_143719_904.jpg,[[0.15239602 0.5133876  0.33421636]]
C:/Users/USER/Desktop/new/135_degrees\frame_20241203_143720_025.jpg,[[0.15704869 0.50920004 0.33375132]]
C:/Users/USER/Desktop/new/135_degrees\frame_20241203_143720_146.jpg,[[0.1529944  0.519971   0.32703462]]
C:/Users/USER/Desktop/new/135_degrees\frame_20241203_143720_266.jpg,[[0.1485494  0.53057444 0.32087618]]
C:/Users/USER/Desktop/new/135_degrees\frame_20241203_143720_387.jpg,[[0.15253967 0.5266167  0.32084367]]
C:/Users/USER/Desktop/new/135_degrees\frame_20241203_143721_820.jpg,[[0.12911539 0.5591058  0.3117788 ]]
C:/Users/USER/Desktop/new/135_degrees\frame_20241203_143721_942.jpg,[[0.13016857 0.5574901  0.31234127]]
C:/Users/USER/Desktop/new/135_degrees\frame_20241203_143722_063.jpg,[[0.12839903 0.5597321  0.31186897]]
C:/Users/USER/Desktop/new/135_degrees\frame_20241203_143722_184.jpg,[[0.12200142 0.570311   0.3076876 ]]
C:/Users/USER/Desktop/new/135_degrees\frame_20241203_143722_304.jpg,[[0.12523043 0.561319   0.31345052]]
C:/Users/USER/Desktop/new/135_degrees\frame_20241203_143722_424.jpg,[[0.12073801 0.56824493 0.311017  ]]
C:/Users/USER/Desktop/new/135_degrees\frame_20241203_143722_543.jpg,[[0.1155453  0.57771444 0.30674025]]
C:/Users/USER/Desktop/new/135_degrees\frame_20241203_143722_664.jpg,[[0.10924848 0.5909111  0.29984045]]
C:/Users/USER/Desktop/new/135_degrees\frame_20241203_143722_784.jpg,[[0.11099681 0.58994263 0.29906055]]
C:/Users/USER/Desktop/new/135_degrees\frame_20241203_143722_905.jpg,[[0.10406833 0.6035036  0.29242805]]
C:/Users/USER/Desktop/new/135_degrees\frame_20241203_143724_137.jpg,[[0.09370092 0.5931232  0.31317586]]
C:/Users/USER/Desktop/new/135_degrees\frame_20241203_143724_258.jpg,[[0.09684174 0.58626866 0.31688952]]
C:/Users/USER/Desktop/new/135_degrees\frame_20241203_143724_379.jpg,[[0.08975863 0.60307276 0.30716857]]
C:/Users/USER/Desktop/new/135_degrees\frame_20241203_143724_504.jpg,[[0.10343186 0.59412193 0.30244625]]
C:/Users/USER/Desktop/new/135_degrees\frame_20241203_143724_626.jpg,[[0.09804805 0.5952668  0.30668518]]
C:/Users/USER/Desktop/new/135_degrees\frame_20241203_143724_747.jpg,[[0.09953814 0.59141976 0.30904213]]
C:/Users/USER/Desktop/new/135_degrees\frame_20241203_143724_867.jpg,[[0.1018763 0.588812  0.3093117]]
C:/Users/USER/Desktop/new/135_degrees\frame_20241203_143724_988.jpg,[[0.10001449 0.5871672  0.31281826]]
C:/Users/USER/Desktop/new/135_degrees\frame_20241203_143725_109.jpg,[[0.10313291 0.58209324 0.31477383]]
C:/Users/USER/Desktop/new/135_degrees\frame_20241203_143726_442.jpg,[[0.10446428 0.589943   0.30559275]]
C:/Users/USER/Desktop/new/135_degrees\frame_20241203_143726_563.jpg,[[0.10415543 0.590399   0.30544552]]
C:/Users/USER/Desktop/new/135_degrees\frame_20241203_143726_684.jpg,[[0.10321828 0.5915901  0.3051916 ]]
C:/Users/USER/Desktop/new/135_degrees\frame_20241203_143726_805.jpg,[[0.11788598 0.57446593 0.30764815]]
C:/Users/USER/Desktop/new/135_degrees\frame_20241203_143726_926.jpg,[[0.11662958 0.57019806 0.31317237]]
C:/Users/USER/Desktop/new/135_degrees\frame_20241203_143727_046.jpg,[[0.11202349 0.5768971  0.3110794 ]]
C:/Users/USER/Desktop/new/135_degrees\frame_20241203_143727_167.jpg,[[0.11044408 0.5837538  0.30580208]]
C:/Users/USER/Desktop/new/135_degrees\frame_20241203_143727_287.jpg,[[0.11344531 0.5817273  0.3048274 ]]
C:/Users/USER/Desktop/new/135_degrees\frame_20241203_143727_408.jpg,[[0.11214947 0.5867434  0.30110717]]
C:/Users/USER/Desktop/new/135_degrees\frame_20241203_143727_529.jpg,[[0.10555408 0.59404796 0.30039802]]
C:/Users/USER/Desktop/new/135_degrees\frame_20241203_143728_861.jpg,[[0.10858902 0.5770631  0.31434786]]
C:/Users/USER/Desktop/new/135_degrees\frame_20241203_143728_983.jpg,[[0.10977817 0.575074   0.31514782]]
C:/Users/USER/Desktop/new/135_degrees\frame_20241203_143729_104.jpg,[[0.1089384  0.57983136 0.31123024]]
C:/Users/USER/Desktop/new/135_degrees\frame_20241203_143729_225.jpg,[[0.10701927 0.5881926  0.30478814]]
C:/Users/USER/Desktop/new/135_degrees\frame_20241203_143729_349.jpg,[[0.10333861 0.59812814 0.2985333 ]]
C:/Users/USER/Desktop/new/135_degrees\frame_20241203_143729_469.jpg,[[0.10150223 0.6019658  0.296532  ]]
C:/Users/USER/Desktop/new/135_degrees\frame_20241203_143729_595.jpg,[[0.10360167 0.59884286 0.29755548]]
C:/Users/USER/Desktop/new/135_degrees\frame_20241203_143729_714.jpg,[[0.10666398 0.5968581  0.29647794]]
C:/Users/USER/Desktop/new/135_degrees\frame_20241203_143729_835.jpg,[[0.10754508 0.5951194  0.29733554]]
C:/Users/USER/Desktop/new/135_degrees\frame_20241203_143729_955.jpg,[[0.10582944 0.5926538  0.30151677]]
C:/Users/USER/Desktop/new/135_degrees\frame_20241203_143731_590.jpg,[[0.08867808 0.6083681  0.30295384]]
C:/Users/USER/Desktop/new/135_degrees\frame_20241203_143731_712.jpg,[[0.08854362 0.6081391  0.3033173 ]]
C:/Users/USER/Desktop/new/135_degrees\frame_20241203_143731_835.jpg,[[0.08664443 0.6213516  0.29200402]]
C:/Users/USER/Desktop/new/135_degrees\frame_20241203_143731_956.jpg,[[0.08243961 0.6354524  0.28210804]]
C:/Users/USER/Desktop/new/135_degrees\frame_20241203_143732_076.jpg,[[0.08243961 0.6354524  0.28210804]]
C:/Users/USER/Desktop/new/135_degrees\frame_20241203_143732_196.jpg,[[0.08689618 0.6305052  0.2825986 ]]
C:/Users/USER/Desktop/new/135_degrees\frame_20241203_143732_317.jpg,[[0.08677425 0.6335683  0.27965748]]
C:/Users/USER/Desktop/new/135_degrees\frame_20241203_143732_437.jpg,[[0.08515466 0.6330481  0.28179726]]
C:/Users/USER/Desktop/new/135_degrees\frame_20241203_143732_557.jpg,[[0.08508755 0.63301057 0.2819019 ]]
C:/Users/USER/Desktop/new/135_degrees\frame_20241203_143813_729.jpg,[[0.06215128 0.6375295  0.3003192 ]]
C:/Users/USER/Desktop/new/135_degrees\frame_20241203_143813_850.jpg,[[0.060652   0.6413712  0.29797685]]
C:/Users/USER/Desktop/new/135_degrees\frame_20241203_143826_956.jpg,[[0.09929459 0.5975878  0.30311757]]
C:/Users/USER/Desktop/new/135_degrees\frame_20241203_143827_077.jpg,[[0.09929459 0.5975878  0.30311757]]
C:/Users/USER/Desktop/new/135_degrees\frame_20241203_143827_196.jpg,[[0.09474605 0.60390294 0.30135098]]
C:/Users/USER/Desktop/new/135_degrees\frame_20241203_143827_317.jpg,[[0.09191062 0.6057739  0.3023154 ]]
C:/Users/USER/Desktop/new/135_degrees\frame_20241203_143827_437.jpg,[[0.08873999 0.6073914  0.30386862]]
C:/Users/USER/Desktop/new/135_degrees\frame_20241203_143827_557.jpg,[[0.08630817 0.609386   0.30430585]]
C:/Users/USER/Desktop/new/135_degrees\frame_20241203_143827_677.jpg,[[0.08462284 0.60930336 0.30607387]]
C:/Users/USER/Desktop/new/135_degrees\frame_20241203_143836_799.jpg,[[0.10888534 0.582216   0.3088986 ]]
C:/Users/USER/Desktop/new/135_degrees\frame_20241203_143836_919.jpg,[[0.10906073 0.58306384 0.30787542]]
C:/Users/USER/Desktop/new/135_degrees\frame_20241203_143837_047.jpg,[[0.1080948  0.5841183  0.30778682]]
C:/Users/USER/Desktop/new/135_degrees\frame_20241203_143837_168.jpg,[[0.10816731 0.58638453 0.30544814]]
C:/Users/USER/Desktop/new/135_degrees\frame_20241203_143837_290.jpg,[[0.10761091 0.5884619  0.30392712]]
C:/Users/USER/Desktop/new/135_degrees\frame_20241203_143837_410.jpg,[[0.10647979 0.5921018  0.30141836]]
C:/Users/USER/Desktop/new/135_degrees\frame_20241203_143837_531.jpg,[[0.10078602 0.601142   0.29807204]]
C:/Users/USER/Desktop/new/135_degrees\frame_20241203_143837_650.jpg,[[0.09638715 0.6076496  0.29596323]]
C:/Users/USER/Desktop/new/135_degrees\frame_20241203_143916_972.jpg,[[0.17326136 0.42531076 0.40142787]]
C:/Users/USER/Desktop/new/135_degrees\frame_20241203_143917_094.jpg,[[0.1746549  0.42488748 0.40045765]]
C:/Users/USER/Desktop/new/135_degrees\frame_20241203_143917_213.jpg,[[0.17363767 0.42312342 0.40323898]]
C:/Users/USER/Desktop/new/135_degrees\frame_20241203_143917_334.jpg,[[0.17651713 0.41937324 0.40410966]]
C:/Users/USER/Desktop/new/135_degrees\frame_20241203_143917_456.jpg,[[0.17328086 0.42471138 0.4020077 ]]
C:/Users/USER/Desktop/new/135_degrees\frame_20241203_143917_578.jpg,[[0.17076881 0.42633334 0.40289786]]
C:/Users/USER/Desktop/new/135_degrees\frame_20241203_143917_697.jpg,[[0.17076881 0.42633334 0.40289786]]
C:/Users/USER/Desktop/new/135_degrees\frame_20241203_143917_818.jpg,[[0.1735704  0.42429817 0.40213144]]
C:/Users/USER/Desktop/new/135_degrees\frame_20241203_143919_553.jpg,[[0.15924981 0.45629618 0.384454  ]]
C:/Users/USER/Desktop/new/135_degrees\frame_20241203_143919_674.jpg,[[0.15913783 0.45644817 0.38441402]]
C:/Users/USER/Desktop/new/135_degrees\frame_20241203_143919_794.jpg,[[0.15766482 0.45776656 0.3845686 ]]
C:/Users/USER/Desktop/new/135_degrees\frame_20241203_143919_914.jpg,[[0.15884438 0.4611569  0.37999868]]
C:/Users/USER/Desktop/new/135_degrees\frame_20241203_143920_034.jpg,[[0.1550435  0.46911928 0.3758372 ]]
C:/Users/USER/Desktop/new/135_degrees\frame_20241203_143920_155.jpg,[[0.1542468  0.47439396 0.37135926]]
C:/Users/USER/Desktop/new/135_degrees\frame_20241203_143920_275.jpg,[[0.15268034 0.4817021  0.36561757]]
C:/Users/USER/Desktop/new/135_degrees\frame_20241203_143920_396.jpg,[[0.14801088 0.49807435 0.3539148 ]]
C:/Users/USER/Desktop/new/135_degrees\frame_20241203_143920_517.jpg,[[0.13543658 0.5261988  0.33836463]]
C:/Users/USER/Desktop/new/135_degrees\frame_20241203_143920_638.jpg,[[0.12929897 0.5460567  0.32464433]]
C:/Users/USER/Desktop/new/135_degrees\frame_20241203_143920_758.jpg,[[0.12105147 0.5713532  0.3075953 ]]
C:/Users/USER/Desktop/new/135_degrees\frame_20241203_143920_879.jpg,[[0.11063559 0.59828895 0.29107547]]
C:/Users/USER/Desktop/new/135_degrees\frame_20241203_143920_999.jpg,[[0.10468438 0.6172384  0.27807724]]
C:/Users/USER/Desktop/new/135_degrees\frame_20241203_143921_119.jpg,[[0.0984189  0.63529164 0.26628944]]
C:/Users/USER/Desktop/new/135_degrees\frame_20241203_143922_857.jpg,[[0.08099507 0.63310796 0.28589705]]
C:/Users/USER/Desktop/new/135_degrees\frame_20241203_143922_980.jpg,[[0.08056851 0.63458425 0.2848472 ]]
C:/Users/USER/Desktop/new/135_degrees\frame_20241203_143923_103.jpg,[[0.0848828  0.6414112  0.27370608]]
C:/Users/USER/Desktop/new/135_degrees\frame_20241203_143923_225.jpg,[[0.07806917 0.6556936  0.26623732]]
C:/Users/USER/Desktop/new/135_degrees\frame_20241203_143923_345.jpg,[[0.0764103  0.6599367  0.26365298]]
C:/Users/USER/Desktop/new/135_degrees\frame_20241203_143923_466.jpg,[[0.07764559 0.6571747  0.26517972]]
C:/Users/USER/Desktop/new/135_degrees\frame_20241203_143923_586.jpg,[[0.08339545 0.64987123 0.26673335]]
C:/Users/USER/Desktop/new/135_degrees\frame_20241203_143923_707.jpg,[[0.08158709 0.6508159  0.26759702]]
C:/Users/USER/Desktop/new/135_degrees\frame_20241203_143923_827.jpg,[[0.08233222 0.6472168  0.27045092]]
C:/Users/USER/Desktop/new/135_degrees\frame_20241203_143923_948.jpg,[[0.08233222 0.6472168  0.27045092]]
